date,bedrooms,bathrooms,sqft_living,sqft_lot,floors,waterfront,view,condition,grade,sqft_above,sqft_basement,yr_built,yr_renovated,zipcode,lat,long,sqft_living15,sqft_lot15,label
-0.9511206862950808,4.0,2.0,-0.2726214278964178,0.0,1.0,0.0,0.0,0.0,1.0,0.0508273743629299,0.0,1.1200378183813269,0.0,23.0,-1.5141982118953357,1.4826256179887405,0.1351534829896292,0.0,-0.55955616954816
-1.1637571624972505,4.0,0.0,0.8590226474374623,1.0,1.0,0.0,1.0,1.0,2.0,0.5221018859247606,2.0,-1.534415214285571,0.0,22.0,-0.3395137167785703,-1.2354828310207686,-0.4765305110317557,0.0,0.3439744620932738
-0.2689119918131196,4.0,2.0,1.7077557039378723,2.0,0.0,1.0,4.0,0.0,3.0,0.0508273743629299,2.0,0.9839120218343064,0.0,39.0,0.5344515475882875,1.007134061634557,1.649799563423535,3.0,5.078977388443865
0.3601375836182991,3.0,6.0,-0.054997567255287,3.0,0.0,0.0,0.0,0.0,2.0,-0.2271037478402009,1.0,0.3373144882359595,0.0,30.0,1.093962808646956,0.8226149502135772,1.3439575664128425,3.0,0.1572065708745549
0.9980470122248082,5.0,3.0,-0.3923145512490398,3.0,0.0,0.0,0.0,0.0,1.0,-0.0820962058211761,0.0,-0.1391257996786118,0.0,2.0,-0.258550846961327,1.1419749507499466,-0.6221695572273236,3.0,-0.2865036970061733
0.227239785991943,3.0,0.0,-0.0658787602873436,0.0,1.0,0.0,0.0,0.0,2.0,-0.130432053160851,1.0,1.2561636149283473,0.0,65.0,0.0248191973991529,-0.5896659410471884,-0.389147083314415,0.0,-0.3001563206332727
-1.0574389243961655,4.0,6.0,-0.2182154627361351,0.0,2.0,0.0,0.0,1.0,1.0,0.1112471835375236,0.0,-1.602478112559081,0.0,59.0,0.601679644847249,-1.0083823861948389,0.149717387609186,0.0,0.87396931129727
0.3778572899684799,3.0,0.0,-0.8928494307236406,0.0,3.0,0.0,0.0,0.0,1.0,-0.6379584502274379,0.0,1.2901950640651023,0.0,5.0,1.0643246152316943,-0.8664446081787084,-1.1610340281509246,0.0,-0.7233876530733521
1.47647908367969,3.0,4.0,-0.5446512536978313,0.0,4.0,0.0,2.0,0.0,2.0,-0.7346301449067878,1.0,1.222132165791592,0.0,49.0,0.2199975442800981,-1.221289053219085,-0.7095529849446642,0.0,0.0002013991629126
-0.082855075136221,8.0,14.0,6.125520074952827,3.0,5.0,0.0,0.0,2.0,8.0,5.198595116038311,2.0,-2.283107095294183,0.0,24.0,0.4802353401213583,-0.7103130523608943,3.2372651669552246,2.0,7.536449641321744
1.6005170281309558,3.0,6.0,0.1843886794499568,3.0,0.0,0.0,1.0,0.0,2.0,0.5583537714295168,0.0,-0.513471740182918,0.0,29.0,1.460464371123377,-0.383856162923784,1.0818072832608203,3.0,0.5326537206197867
1.538498055905323,4.0,5.0,1.1310524732388758,2.0,0.0,1.0,4.0,1.0,2.0,-0.2754395951798759,2.0,-0.2752515962256322,0.0,27.0,1.132275595256957,-0.3199841628165101,0.9361682370652524,3.0,3.877546509259124
-1.4206929045748722,3.0,1.0,-1.2736911868456195,1.0,0.0,0.0,0.0,3.0,5.0,-1.0608971144495936,0.0,-0.513471740182918,0.0,22.0,-0.3857782138170097,-0.8806383859802911,-1.3066730743464925,1.0,-0.8738395654439867
-0.0031163965604074,3.0,2.0,-0.5120076746016617,0.0,1.0,0.0,1.0,0.0,3.0,-0.8554697632559751,1.0,1.4603523097488778,0.0,13.0,0.5958965827174568,-1.1432232753102285,-0.5493500341295396,0.0,0.3277278399770256
-1.066298777571256,2.0,1.0,-1.2301664147173934,0.0,0.0,0.0,2.0,0.0,1.0,-1.133400885459106,1.0,-1.534415214285571,0.0,6.0,0.6963772872228255,-0.994188608393256,-0.4619666064121989,0.0,-0.109019589853882
0.2449594923421238,3.0,7.0,-0.1202847254476263,3.0,1.0,1.0,3.0,1.0,3.0,-0.0216763966465824,1.0,0.3032830390992044,0.0,26.0,-1.268418071378607,-1.590327276061145,0.426431575380765,3.0,0.4507379788571906
-1.0574389243961655,3.0,9.0,2.806756200175583,1.0,1.0,0.0,4.0,2.0,0.0,1.5129867563880968,2.0,-2.1129498496104078,0.0,35.0,0.626257658898968,-0.7457974968650025,1.4459048987497398,1.0,4.396346207088898
-0.9334009799449,3.0,1.0,-0.6099384118901706,3.0,0.0,0.0,0.0,0.0,1.0,-0.3237754425195508,0.0,-0.6155660875931832,0.0,29.0,1.4720304953830126,-0.3412748295189348,-0.4619666064121989,2.0,-0.4503351805313653
1.25498275430243,3.0,3.0,-0.196453076672022,1.0,0.0,0.0,0.0,1.0,1.0,-0.3479433661893882,1.0,-0.9558805789607342,0.0,16.0,1.0064939939336708,-1.2638703866239342,-0.2580719417384039,1.0,0.0608190480672336
-0.2689119918131196,3.0,9.0,0.3693689609949179,0.0,1.0,0.0,0.0,2.0,3.0,0.0387434125280112,2.0,-2.181012747883918,0.0,52.0,0.3291528419802062,-0.5754721632456056,0.0623339598918453,0.0,0.546306344246886
0.5461945002951976,3.0,4.0,-0.6752255700825098,3.0,0.0,0.0,0.0,3.0,1.0,-0.7467141067417065,1.0,0.8137547761505309,0.0,32.0,-0.7992671560981198,3.10071628737291,-0.6512973664664371,2.0,-0.9582127794594606
-0.8182228886687246,3.0,6.0,0.3258441888666918,3.0,0.0,0.0,0.0,4.0,5.0,-0.4929509082084131,2.0,-1.806666807379612,0.0,37.0,-0.220238060351326,-0.4619219408326406,-0.389147083314415,1.0,-0.8544528398935056
-1.5358709958510477,3.0,0.0,-0.7927424548287204,0.0,3.0,0.0,0.0,0.0,2.0,-0.5267860013461856,0.0,1.222132165791592,0.0,1.0,1.2045638718795122,-0.7174099412617361,-0.7983928031239607,0.0,-0.5868614168023587
1.47647908367969,3.0,6.0,-0.5446512536978313,2.0,0.0,0.0,0.0,0.0,5.0,-0.6862942975671128,1.0,-0.9899120280974892,0.0,22.0,-0.544812422386703,-0.8593477192778666,-1.1755979327704813,2.0,-0.7233876530733521
-1.1637571624972505,4.0,0.0,0.8590226474374623,1.0,1.0,0.0,1.0,1.0,2.0,0.5221018859247606,2.0,-1.534415214285571,0.0,22.0,-0.3395137167785703,-1.2354828310207686,-0.4765305110317557,0.0,0.3439744620932738
-1.571310408551409,2.0,1.0,-1.3825031171661848,1.0,0.0,0.0,0.0,2.0,5.0,-1.1817367327987809,0.0,-0.9218491298239792,0.0,15.0,-0.5180657600363375,-0.7883788302698517,-1.3066730743464925,1.0,-0.9117938591273228
0.1918003732915814,5.0,7.0,0.2932006097705222,1.0,1.0,0.0,3.0,1.0,1.0,-0.1666839386656072,2.0,-1.602478112559081,1.0,37.0,-0.0134935892107966,-0.3696623851222012,-0.2143802278797335,1.0,0.7237904513991773
-1.3498140791741489,4.0,2.0,0.249675837642296,1.0,1.0,0.0,0.0,0.0,3.0,0.6308575424390293,0.0,1.4263208606121227,0.0,3.0,1.0411923667124747,-1.036769941798105,-1.059086695814027,0.0,0.3961274843487933
-0.977700245820352,4.0,2.0,0.0102895909370521,1.0,1.0,0.0,0.0,1.0,2.0,0.365010382070817,0.0,0.7116604287402656,0.0,11.0,0.0862642325283736,1.5464976180960142,0.149717387609186,1.0,0.1667634074135245
1.2284031947771588,3.0,4.0,-0.6752255700825098,2.0,0.0,0.0,0.0,2.0,1.0,-0.3962792135290632,0.0,-0.1391257996786118,0.0,57.0,0.4585488571345866,0.7516460612054616,-0.1998163232601768,2.0,-0.1636300843622793
-1.0131396585207135,3.0,6.0,0.1517451003537872,3.0,0.0,0.0,0.0,1.0,2.0,0.5221018859247606,0.0,-0.1391257996786118,0.0,64.0,1.3672124942802997,0.9290682837257004,0.1205895783700724,3.0,-0.2810426475553336
-1.243495841073064,2.0,1.0,-1.4913150474867505,0.0,1.0,0.0,0.0,1.0,1.0,-1.3025763511479682,0.0,-0.9558805789607342,0.0,35.0,0.5886677550552167,-0.8167663858730173,-0.8988837449989024,0.0,-0.3822085886321397
0.0500427224901349,4.0,0.0,-0.4684829024734355,1.0,0.0,0.0,0.0,0.0,2.0,-0.1666839386656072,0.0,-0.1391257996786118,0.0,57.0,0.5677041548346434,0.6948709499990295,0.2807925291851971,2.0,0.0275066464171113
-0.2511922854629387,3.0,3.0,-1.0343049401403757,1.0,0.0,0.0,0.0,0.0,1.0,-1.0246452289448371,1.0,-0.853786231550469,0.0,1.0,1.0281804769204426,-0.7528943857657434,-0.8551920311402321,1.0,-0.3274615678874714
-1.553590702201228,6.0,2.0,1.6098249666493634,1.0,4.0,0.0,0.0,1.0,6.0,2.141352771803871,0.0,-1.942792603926632,0.0,24.0,0.4852955194849521,-0.6393441633528794,1.1546268063586045,1.0,2.6215051355659846
0.4487361153692031,4.0,6.0,-0.6534631840183968,2.0,0.0,0.0,0.0,0.0,1.0,-0.8071339159163002,1.0,-0.4113773927726526,0.0,60.0,-1.3493809411959017,-0.0219148289825655,-0.5784778433686532,2.0,-0.8192290709355894
-0.8005031823185438,3.0,1.0,-0.8493246585954144,2.0,0.0,0.0,0.0,1.0,1.0,-0.589622602887763,0.0,-0.4454088419094077,0.0,57.0,0.3696342768888022,0.6522896165941803,-0.6076056526077668,2.0,-0.3411141915145707
1.0955053971508026,4.0,5.0,0.7284483310527837,3.0,2.0,0.0,0.0,0.0,2.0,0.2320868018867109,2.0,-1.942792603926632,1.0,63.0,0.3920436426418235,0.0135696155214418,1.562416135706194,3.0,2.4849788992949917
-1.0574389243961655,4.0,2.0,-0.1376946342989167,0.0,1.0,0.0,0.0,0.0,2.0,0.2006685011159222,0.0,1.154069267518082,0.0,56.0,-0.9409521782783854,0.169701171339256,-0.3978854260861491,0.0,-0.5459035459210607
1.6005170281309558,3.0,4.0,-0.3596709721528702,1.0,0.0,0.0,2.0,2.0,1.0,-1.1092329617892684,2.0,-0.513471740182918,0.0,49.0,-0.0142164719770463,-1.2070952754175022,-0.3454553694557446,1.0,0.0957697645526079
1.3613009924035149,3.0,7.0,0.4564185052513703,1.0,1.0,0.0,0.0,0.0,2.0,0.8604528173024851,0.0,1.3922894114753677,0.0,55.0,-0.8607121912272891,0.3755109494626603,0.2079730060874131,1.0,-0.293330008819723
1.565077615430594,5.0,7.0,0.5217056634437095,1.0,2.0,0.0,0.0,1.0,1.0,-0.0337603584815011,2.0,-1.5003837651488157,0.0,65.0,-0.0698784449764236,-0.6890223856585704,-1.3212369789660492,1.0,-0.2673900239282343
1.051206131275351,4.0,1.0,-0.4793640955054921,0.0,2.0,0.0,0.0,1.0,1.0,-0.3962792135290632,1.0,-1.4663523160120606,0.0,5.0,1.0252889458555463,-0.994188608393256,-1.1027784096726974,0.0,-0.5868614168023587
-1.571310408551409,4.0,7.0,1.7512804760660985,2.0,1.0,0.0,0.0,0.0,0.0,2.2984442756578147,0.0,0.9158491235607962,0.0,21.0,0.2445755583317658,1.6458540627072955,2.1012806066297958,3.0,0.8876219349243694
0.1652208137663102,4.0,10.0,1.9906667227713424,1.0,1.0,0.0,0.0,0.0,3.0,1.6217424129023654,2.0,1.188100716654837,0.0,33.0,-0.1515641975599166,2.511674508605863,3.5285432593463604,1.0,0.464254076248019
0.0500427224901349,4.0,3.0,-0.5011264815696052,2.0,0.0,0.0,0.0,0.0,1.0,-0.2029358241703634,0.0,-0.513471740182918,0.0,57.0,0.3197553660192684,0.6239020609909139,-0.1415607047819496,2.0,-0.313808944260372
-0.3309309640387524,4.0,2.0,1.675112124841703,3.0,1.0,0.0,0.0,0.0,0.0,2.2138565428133834,0.0,0.4394088356462248,0.0,30.0,1.160468023139719,0.7019678388998714,1.4022131848910695,3.0,0.9831903003140646
-0.1980331664123963,3.0,6.0,-0.0223539881591174,1.0,0.0,0.0,0.0,0.0,1.0,-0.5292027937131693,2.0,0.5415031830564901,0.0,60.0,-1.4672108320906467,0.276154504851379,-0.6804251757055507,1.0,-0.6824297821920541
0.1209215478908582,4.0,6.0,0.2932006097705222,3.0,0.0,0.0,2.0,0.0,2.0,0.6791933897787041,0.0,-0.4113773927726526,0.0,38.0,0.2207204270463477,0.2619607270496954,1.5478522310866374,3.0,0.2186433771965019
-0.8625221545441767,3.0,2.0,0.0538143630652783,1.0,1.0,0.0,0.0,0.0,2.0,0.0629113361978486,1.0,1.3582579623386124,0.0,12.0,1.2508283689179516,1.6884353961121448,0.2079730060874131,1.0,-0.395724686022968
0.0589025756652253,4.0,10.0,1.522775422392911,1.0,3.0,0.0,0.0,0.0,2.0,2.044681077124521,0.0,1.4603523097488778,0.0,59.0,0.5452947890816734,-0.9870917194924144,0.3099203384243106,0.0,3.577188789462938
1.1752440757266165,3.0,2.0,0.7317126889624007,3.0,0.0,1.0,2.0,2.0,3.0,0.4556400958327075,2.0,-0.6155660875931832,0.0,26.0,-1.1260101664321431,-1.6825868317715846,1.0089877601630364,3.0,2.2119264267530045
-0.1182944878365827,3.0,6.0,-1.4913150474867505,1.0,0.0,0.0,0.0,1.0,5.0,-1.3025763511479682,0.0,-0.7176604350034486,0.0,31.0,-0.2925263369739326,-1.1432232753102285,-1.5833872621180711,0.0,-0.5322509222939613
0.1297814010659486,3.0,1.0,-0.95813658891598,1.0,0.0,0.0,0.0,0.0,5.0,-0.7104622212369504,0.0,-2.249075646157428,1.0,48.0,-0.4898733321535241,-0.433534385229475,-1.4231843113029468,1.0,-0.9008717602256434
-1.438412610925053,3.0,1.0,-1.1104732913647717,2.0,0.0,0.0,0.0,1.0,1.0,-0.8796376869258126,0.0,-0.1391257996786118,0.0,29.0,1.269623320839827,-0.1212712735938468,-0.6076056526077668,2.0,-0.55955616954816
-1.438412610925053,3.0,4.0,-0.0767599533194001,3.0,1.0,0.0,0.0,0.0,2.0,-0.3358594043544695,1.0,1.0860063692445716,0.0,12.0,1.313719169579569,2.156830063565486,-0.3017636555970743,3.0,-0.2755815981044939
-0.4904083211903797,4.0,3.0,-0.7731563073710187,2.0,2.0,0.0,0.0,0.0,1.0,-0.5050348700433318,0.0,-0.3433144944991424,0.0,50.0,-0.9937226202128152,-0.5328908298407563,-0.8988837449989024,2.0,-0.8762970376968645
0.3512777304432087,4.0,6.0,-0.2943838139605309,3.0,1.0,0.0,0.0,1.0,1.0,0.0266594506930924,0.0,-0.3433144944991424,0.0,0.0,1.2717919691384736,0.9787465060313914,1.03811556940215,3.0,-0.2045879552435773
0.6347930320461016,2.0,1.0,-1.306334765941789,0.0,1.0,0.0,0.0,1.0,1.0,-1.0971489999543498,0.0,-0.887817680687224,0.0,43.0,0.6334864865612082,-1.2993548311280425,-0.9134476496184591,0.0,-0.5923224662531984
-0.7562039164430918,1.0,1.0,-1.4586714683905806,0.0,0.0,0.0,0.0,0.0,1.0,-1.266324465643212,0.0,-1.636509561695836,0.0,37.0,-0.0575894379505383,-0.5541814965431809,-0.8551920311402321,0.0,-0.6578550596632752
-1.1726170156723408,5.0,9.0,2.0777162670277947,2.0,1.0,0.0,0.0,0.0,6.0,2.6609631307053765,0.0,1.0179434709710615,0.0,28.0,-0.2896348059090365,0.4109953939666677,2.188664034347136,3.0,1.447379503635442
-0.0031163965604074,2.0,1.0,-1.023423747108319,3.0,2.0,0.0,0.0,0.0,5.0,-0.7829659922464627,0.0,-1.3302265194650402,0.0,54.0,-2.1734672946931743,-0.0999806068914221,-0.59304174798821,3.0,-0.3820720623958687
-0.322071110863662,4.0,7.0,-0.4467205164093225,0.0,3.0,0.0,0.0,0.0,2.0,-0.436156287584295,1.0,0.9839120218343064,0.0,52.0,0.421681836057085,-0.6251503855512967,-0.4182748925535285,0.0,0.114883437630547
0.4132967026688415,2.0,0.0,-0.9254930098198102,0.0,3.0,0.0,0.0,0.0,2.0,-0.6742103357321941,0.0,1.222132165791592,0.0,6.0,0.9949278696740352,-0.9516072749884068,-1.1027784096726974,0.0,-0.5022151503143428
1.1043652503258932,3.0,0.0,-0.4467205164093225,3.0,0.0,0.0,0.0,0.0,1.0,-0.1425160149957698,0.0,1.222132165791592,0.0,62.0,-2.064311996993118,1.4542380623854738,1.9265137511951136,3.0,-0.313808944260372
-0.8625221545441767,2.0,3.0,-1.426027889294411,0.0,1.0,0.0,0.0,0.0,1.0,-1.230072580138456,0.0,1.188100716654837,0.0,49.0,0.0327709078276427,-1.2354828310207686,-0.928011554238016,0.0,-0.6824297821920541
1.3613009924035149,5.0,7.0,0.4781808913154833,3.0,1.0,0.0,1.0,0.0,2.0,0.2683386873914671,1.0,0.0650628951419187,0.0,57.0,0.5684270376008931,0.7090647278006124,0.2662286245656403,2.0,0.3551696134674953
1.47647908367969,4.0,5.0,1.3813199129761762,2.0,1.0,0.0,2.0,0.0,3.0,1.8875895732705776,0.0,1.1200378183813269,0.0,33.0,-0.1450582526638748,2.5187713975067045,2.7420924098902937,2.0,0.4370853552300913
-0.1980331664123963,3.0,2.0,-0.6643443770504532,0.0,1.0,0.0,0.0,0.0,1.0,-0.3841952516941445,0.0,1.0860063692445716,0.0,33.0,-0.1956600462996583,2.433608730697006,-0.0396133724450521,0.0,-0.4339520321788461
-0.3575105235640236,3.0,6.0,0.4781808913154833,0.0,0.0,0.0,0.0,2.0,3.0,-0.3962792135290632,2.0,-0.5815346384564282,0.0,43.0,0.565535506535997,-1.327742386731208,-0.1706885140210632,0.0,0.8439335393176515
-0.038555809260769,3.0,6.0,-0.3705521651849267,1.0,2.0,0.0,0.0,1.0,1.0,-0.0579282821513386,0.0,-0.7516918841402036,0.0,31.0,-0.2057804050268458,-1.1290294975086457,-1.4523121205420604,1.0,-0.2455458261248753
-0.2334725791127579,4.0,2.0,0.0538143630652783,1.0,1.0,0.0,0.0,0.0,2.0,0.413346229410492,0.0,1.0860063692445716,0.0,55.0,-0.7811950869424938,0.6664833943957631,-0.0687411816841657,0.0,-0.4339520321788461
0.9448878931742658,4.0,14.0,2.0559538809636817,1.0,1.0,0.0,0.0,0.0,3.0,2.636795207035539,0.0,1.4603523097488778,0.0,39.0,0.4151758911610432,1.120684284047522,2.290611366684033,1.0,1.1196892313378035
1.1309448098511643,3.0,3.0,-0.4902452885375486,3.0,0.0,0.0,0.0,0.0,1.0,-0.1908518623354447,0.0,-0.9558805789607342,1.0,46.0,-0.8267367012146836,-0.4548250519318997,-0.4182748925535285,3.0,-0.9668139323445332
-1.0928783370965272,3.0,3.0,-0.6317007979542837,0.0,2.0,0.0,0.0,1.0,1.0,-0.7829659922464627,1.0,-1.5003837651488157,0.0,16.0,0.8611945579223109,-1.1290294975086457,-0.7095529849446642,0.0,-0.190935331616478
-0.7473440632680014,3.0,6.0,-0.3596709721528702,3.0,0.0,0.0,0.0,0.0,2.0,-0.0458443203164199,0.0,-0.1050943505418567,0.0,28.0,-0.6402329475284779,0.6877740610981877,-0.3745831786948582,3.0,-0.76434552395465
-1.4295527577499625,4.0,10.0,0.7610919101489534,2.0,1.0,0.0,0.0,0.0,3.0,1.1988037486802097,0.0,1.188100716654837,0.0,5.0,1.2255274721000342,-0.9799948305916732,-1.4377482159225037,1.0,0.4370853552300913
-0.9511206862950808,3.0,7.0,2.6979442698550176,3.0,1.0,0.0,2.0,0.0,0.0,2.72138293987997,1.0,1.0179434709710615,0.0,27.0,1.0303491252190888,-0.2064339404035452,0.9216043324456956,3.0,1.856958212448422
-0.8713820077192671,4.0,10.0,1.805686441226381,3.0,1.0,0.0,0.0,0.0,0.0,2.3588640848324083,0.0,1.4603523097488778,0.0,11.0,0.1527694470211366,1.3619785066749337,0.761401381630571,3.0,1.6385162344148327
-0.2511922854629387,3.0,2.0,0.0755767491293914,2.0,1.0,0.0,0.0,0.0,2.0,0.4375141530803294,0.0,0.8137547761505309,0.0,4.0,0.9783015660508574,0.1838949491408388,0.2371008153265267,1.0,0.0793866162000887
1.3701608455786052,4.0,4.0,0.1517451003537872,1.0,2.0,0.0,0.0,1.0,1.0,-0.4929509082084131,2.0,-1.8747297056531216,0.0,49.0,0.0898786463594679,-1.1929014976159191,-0.1998163232601768,0.0,0.1913381299423033
1.565077615430594,4.0,2.0,0.793735489245123,1.0,1.0,0.0,0.0,0.0,3.0,1.235055634184966,0.0,0.9158491235607962,0.0,54.0,-1.639979813218622,0.2974451715538037,0.9798599509239228,1.0,-0.5459035459210607
-0.8093630354936342,2.0,0.0,-0.7949186934351318,0.0,1.0,0.0,0.0,0.0,1.0,-0.7346301449067878,1.0,0.9839120218343064,0.0,35.0,0.5785473963280292,-0.7528943857657434,-0.3308914648361878,0.0,-0.1581690349114396
-1.110598043446708,3.0,4.0,0.2714382237064091,3.0,4.0,0.0,0.0,0.0,2.0,0.6550254661088667,0.0,0.5415031830564901,0.0,38.0,0.2966231175000487,0.3968016161650849,0.0623339598918453,3.0,-0.027103848091286
-0.8005031823185438,4.0,6.0,-0.1420471115117393,3.0,0.0,0.0,0.0,0.0,1.0,-0.5533707173830068,2.0,-0.2752515962256322,0.0,15.0,-0.4334884763879485,-0.8025726080714345,-0.3308914648361878,3.0,-0.5868614168023587
1.6891155598818597,2.0,1.0,-0.9363742028518668,3.0,0.0,0.0,0.0,1.0,1.0,-0.6862942975671128,0.0,-0.6155660875931832,0.0,18.0,-0.4674639664005541,0.2974451715538037,1.096371187880377,1.0,-0.518598298666862
-0.9334009799449,2.0,1.0,-1.1866416425891673,2.0,1.0,0.0,0.0,0.0,1.0,-0.9642254197702438,0.0,0.3373144882359595,0.0,18.0,-0.3474654272070601,0.1838949491408388,-0.928011554238016,1.0,-0.7916507712088487
0.1209215478908582,4.0,2.0,1.011359349886254,2.0,1.0,0.0,0.0,0.0,2.0,1.4767348708833403,0.0,1.2561636149283473,0.0,28.0,-0.4421630695826367,0.4748673940739416,1.8391303234777727,1.0,-0.027103848091286
-0.0651353687860402,5.0,6.0,0.2170322585461264,3.0,0.0,0.0,1.0,1.0,2.0,-0.4929509082084131,2.0,-0.7516918841402036,0.0,44.0,-0.7522797762934307,-1.0509637195996882,-0.0687411816841657,3.0,0.0848476656509285
1.6182367344811366,3.0,2.0,-0.2726214278964178,2.0,0.0,0.0,0.0,0.0,2.0,-0.4808669463734943,1.0,0.847786225287286,0.0,29.0,1.3585379010855605,-0.2348214960068117,0.4701232892394353,3.0,-0.0817143425996833
1.5473579090804133,4.0,14.0,2.5564887604382824,3.0,1.0,0.0,0.0,0.0,8.0,3.192657451441801,0.0,0.9158491235607962,0.0,38.0,0.5951736999512586,0.4038985050659268,2.785784123748964,3.0,3.877546509259124
-0.5524272934160125,2.0,4.0,-0.7840375004030752,0.0,1.0,0.0,0.0,0.0,5.0,-0.5171188318782506,0.0,1.1200378183813269,0.0,23.0,-1.5250414533887215,1.3619785066749337,-0.9862671727162432,0.0,-0.8681054635206049
-1.4118330513997817,3.0,4.0,-0.6425819909863402,2.0,2.0,0.0,0.0,0.0,1.0,-0.360027328024307,0.0,0.4394088356462248,0.0,36.0,-1.1831179049639684,0.1767980602400978,-0.928011554238016,2.0,-0.7779981475817493
-1.4295527577499625,4.0,2.0,1.4357258781364588,3.0,1.0,0.0,0.0,0.0,3.0,1.9480093824451712,0.0,1.0179434709710615,0.0,47.0,-1.4281751627144987,1.723919840616152,1.7371829911408756,3.0,0.4698516519351297
-0.977700245820352,3.0,2.0,-0.5120076746016617,0.0,1.0,0.0,2.0,0.0,3.0,-0.8554697632559751,1.0,1.154069267518082,0.0,37.0,0.0544573908144144,-0.5399877187415981,-0.5493500341295396,0.0,-0.2182405788706767
-0.694184944217459,4.0,2.0,0.3149629958346353,2.0,1.0,0.0,0.0,0.0,2.0,0.7033613134485416,0.0,-0.1731572488153669,0.0,56.0,-0.693003389462959,0.1555073935376732,-0.5784778433686532,2.0,-0.4284909827280064
-1.438412610925053,4.0,7.0,0.6631611728604445,3.0,0.0,0.0,0.0,0.0,2.0,1.090048092165941,0.0,-0.5815346384564282,1.0,44.0,-0.8245680529160372,-0.9161228304843994,1.2128824248368313,3.0,0.3688222370945946
-0.5701469997661933,3.0,4.0,-0.0441163742232305,1.0,0.0,0.0,1.0,2.0,1.0,-0.8071339159163002,2.0,-0.5815346384564282,0.0,8.0,0.2604789791887454,-0.5612783854440228,0.1934091014678564,0.0,-0.0134512244641866
-1.4206929045748722,4.0,2.0,0.8481414544054057,3.0,1.0,0.0,0.0,0.0,0.0,1.2954754433595597,0.0,0.9498805726975512,0.0,21.0,0.1686728678780649,1.333590951071768,1.576980040325751,2.0,0.3142117425861973
-0.6764652378672782,3.0,2.0,0.7502107171168968,2.0,1.0,0.0,3.0,0.0,2.0,1.186719786845291,0.0,-0.4794402910461628,1.0,18.0,-0.2498762537665875,0.0916353934303993,0.9798599509239228,2.0,0.3797443359962741
-0.9156812735947192,4.0,7.0,1.8274488272904943,2.0,1.0,0.0,0.0,0.0,2.0,0.8242009317977289,2.0,1.0519749201078166,0.0,18.0,-0.3163814682593506,0.1626042824384141,-0.0396133724450521,1.0,-0.1240374758436912
-1.3143746664737872,3.0,2.0,0.2279134515781829,0.0,3.0,0.0,0.0,1.0,3.0,0.6066896187691917,0.0,-0.6155660875931832,1.0,35.0,0.5864991067565191,-0.7174099412617361,0.3973037661416513,0.0,0.3278643662132966
-0.8802418608943574,3.0,1.0,-1.3498595380700154,2.0,0.0,0.0,0.0,0.0,5.0,-1.1454848472940249,0.0,-0.3773459436358975,0.0,42.0,-1.6782925998285714,-0.9019290526827156,-1.670770689835412,2.0,-1.238091563814997
1.1752440757266165,3.0,2.0,0.2387946446102395,2.0,1.0,0.0,0.0,0.0,3.0,0.6187735806041105,0.0,0.6095660813300003,0.0,36.0,-1.0248065791605248,0.0206665044222836,0.8487848093479117,2.0,-0.395724686022968
0.882868920948633,5.0,7.0,0.4999432773795964,3.0,0.0,0.0,0.0,0.0,2.0,-0.6258744883925191,2.0,-0.3092830453623873,1.0,17.0,-0.1009624039240817,0.2690576159505372,0.149717387609186,3.0,0.2186433771965019
-1.0042798053456232,2.0,6.0,-0.9472553958839232,0.0,1.0,0.0,0.0,0.0,2.0,-0.6983782594020316,0.0,1.4603523097488778,0.0,11.0,-0.055420789651892,1.5252069513935895,-1.131906218911811,0.0,-0.497950070693237
0.1652208137663102,2.0,3.0,-0.9146118167877536,0.0,1.0,0.0,0.0,0.0,2.0,-0.8554697632559751,1.0,1.2901950640651023,0.0,8.0,0.1151795431773854,-0.6748286078568868,-0.6658612710859939,0.0,-0.3738804882196091
-0.6676053846921878,4.0,2.0,-0.0223539881591174,1.0,1.0,0.0,0.0,0.0,1.0,0.3287584965660608,0.0,1.0519749201078166,0.0,55.0,-0.8917961501749986,0.4961580607763662,0.1060256737505156,1.0,-0.5352872657886283
-1.509291436325776,3.0,1.0,-0.2726214278964178,2.0,0.0,0.0,0.0,0.0,1.0,0.0508273743629299,0.0,-0.9899120280974892,0.0,29.0,1.3303454732027469,-0.0999806068914221,0.2371008153265267,3.0,-0.7370402767004514
0.3069784645677567,4.0,6.0,-0.3487897791208136,1.0,0.0,0.0,2.0,2.0,1.0,-0.8675537250908939,2.0,-0.3092830453623873,0.0,31.0,-0.0561436724180903,-1.1290294975086457,-0.18525241864062,1.0,-0.1882048068910581
1.4410396709793285,3.0,4.0,-0.9798989749800928,0.0,1.0,0.0,2.0,0.0,2.0,-0.7346301449067878,0.0,0.7797233270137758,0.0,52.0,0.4115614773298975,-0.6180534966504548,-0.7095529849446642,0.0,-0.313808944260372
0.3512777304432087,4.0,2.0,0.8372602613733492,1.0,1.0,0.0,0.0,0.0,3.0,1.2833914815246408,0.0,1.0860063692445716,0.0,12.0,1.268177555307379,1.7097260628145692,1.2128824248368313,1.0,0.0275066464171113
-1.3143746664737872,6.0,3.0,0.510824470411653,3.0,0.0,0.0,0.0,1.0,2.0,-0.0458443203164199,2.0,-0.4454088419094077,0.0,42.0,-1.7180511519709691,-1.0509637195996882,0.0332061506527317,3.0,-0.4478777082784875
1.166384222551526,3.0,1.0,-1.2084040286532802,3.0,0.0,0.0,0.0,1.0,5.0,-0.9883933434400812,0.0,-0.0370314522683465,0.0,50.0,-1.3175740994819425,-0.7174099412617361,-1.131906218911811,3.0,-0.9119303853635938
-1.553590702201228,3.0,4.0,-0.5120076746016617,0.0,0.0,0.0,0.0,1.0,1.0,-0.9400574961004062,2.0,-1.8406982565163668,0.0,14.0,-0.1284319490406969,-1.2354828310207686,-1.3794925974442764,0.0,-0.14997746073518
-0.2600521386380292,3.0,6.0,-0.1311659184796828,3.0,0.0,0.0,0.0,1.0,1.0,-0.4687829845385756,1.0,0.3713459373727146,0.0,0.0,1.2949242176576932,1.1774593952539538,0.0332061506527317,3.0,-0.313808944260372
-0.5524272934160125,3.0,4.0,-0.2290966557681917,2.0,2.0,0.0,0.0,2.0,1.0,-0.8796376869258126,2.0,-1.5003837651488157,0.0,16.0,0.9869761592455456,-1.0722543863021128,-0.5056583202708693,1.0,-0.2291626777723561
1.5916571749558652,3.0,7.0,0.3476065749308049,0.0,1.0,0.0,0.0,0.0,1.0,0.0870792598676861,1.0,-2.249075646157428,0.0,35.0,0.4983074092769843,-0.7599912746665852,-0.3454553694557446,0.0,0.8521251134939111
-1.287795106948516,4.0,2.0,0.5978740146681053,1.0,1.0,0.0,0.0,0.0,3.0,1.0175443211564288,0.0,1.2561636149283473,0.0,33.0,-0.2722856195196089,2.4123180639945816,1.824566418858216,1.0,0.135362373071196
-0.1448740473618539,4.0,2.0,1.196339631431215,3.0,1.0,0.0,0.0,0.0,3.0,1.6821622220769592,0.0,0.5755346321932452,0.0,2.0,-0.3084297578308608,1.1419749507499466,1.504160517227967,3.0,0.6418747096365813
0.0057434566146829,3.0,2.0,-0.4031957442810963,0.0,1.0,0.0,0.0,0.0,1.0,-0.0941801676560948,0.0,0.6435975304667554,0.0,31.0,-0.1819252737413764,-1.15032016421107,-0.7095529849446642,0.0,-0.3411141915145707
-0.9156812735947192,4.0,2.0,0.0973391351935044,1.0,0.0,0.0,0.0,0.0,2.0,0.0387434125280112,1.0,0.2352201408256942,0.0,2.0,0.0530116252819663,0.8793900614200093,0.5866345261958896,1.0,0.2682024009628725
1.317001726528063,4.0,10.0,1.359557526912063,2.0,1.0,0.0,0.0,0.0,3.0,1.86342164960074,0.0,1.1200378183813269,0.0,21.0,0.2734908689808289,1.6884353961121448,1.620671754184421,1.0,0.792053569534674
-1.438412610925053,2.0,0.0,-0.9254930098198102,0.0,1.0,0.0,0.0,0.0,2.0,-1.000477305275,1.0,1.3922894114753677,0.0,8.0,0.2481899721629115,-0.5967628299480302,-1.2484174558682652,0.0,-0.4175688838263269
-1.1017381902716177,3.0,2.0,0.1626262933858437,1.0,1.0,0.0,0.0,0.0,2.0,0.5341858477596794,0.0,0.9839120218343064,0.0,33.0,-0.1819252737413764,2.4690931752010137,0.2953564338047539,1.0,-0.1363248371080807
1.166384222551526,3.0,6.0,-0.6317007979542837,2.0,0.0,0.0,0.0,3.0,1.0,-0.3479433661893882,0.0,-0.1050943505418567,0.0,55.0,-0.903362274434634,0.3258327271569692,-0.316327560216631,2.0,-0.614163933531832
0.9448878931742658,3.0,1.0,-1.164879256525054,1.0,0.0,0.0,0.0,0.0,1.0,-1.1213169236241871,1.0,-1.0579749263709994,0.0,25.0,0.912519234324344,-0.5825690521464474,-0.0833050863037225,1.0,0.0275066464171113
-1.0131396585207135,3.0,4.0,-0.4793640955054921,0.0,0.0,0.0,3.0,1.0,1.0,-1.1696527709638622,2.0,-1.602478112559081,0.0,8.0,0.2503586204615579,-0.5470846076423391,0.4118676707612081,1.0,0.0821171409255086
-1.5004315831506858,5.0,12.0,1.577181387553194,2.0,1.0,0.0,0.0,0.0,0.0,2.1051008862991147,0.0,1.0179434709710615,0.0,34.0,0.2134915993840563,-0.2064339404035452,-0.3454553694557446,2.0,2.348452663023998
-1.482711876800505,4.0,9.0,2.012429108835456,1.0,1.0,0.0,1.0,0.0,3.0,1.2471395960198846,2.0,1.4263208606121227,0.0,2.0,-0.0510834930545479,0.9787465060313914,2.494506031357828,1.0,0.7891865185729832
1.166384222551526,3.0,4.0,-1.001661361044206,2.0,0.0,0.0,0.0,0.0,1.0,-0.7587980685766252,0.0,0.507471733919735,0.0,12.0,1.2595029621126397,1.6884353961121448,-1.2484174558682652,3.0,-0.6128014016938474
-0.9245411267698096,6.0,7.0,0.2605570306743526,0.0,0.0,0.0,0.0,1.0,1.0,-0.7104622212369504,2.0,0.5415031830564901,0.0,65.0,-0.0337343066651203,-0.6109566077496129,-1.204725742009595,1.0,-0.4257604580025865
1.4410396709793285,4.0,2.0,-0.174690690607909,2.0,1.0,0.0,0.0,3.0,1.0,0.1595830308771985,0.0,0.6095660813300003,0.0,31.0,-0.3221645303891426,-1.107738830806221,-0.6658612710859939,3.0,-0.313808944260372
-0.7916433291434535,3.0,0.0,-0.6099384118901706,1.0,1.0,0.0,0.0,0.0,2.0,-0.4687829845385756,1.0,-2.146981298747163,1.0,49.0,0.1361431433979074,-1.2354828310207686,-0.8260642219011185,1.0,0.3622689777535869
-0.9245411267698096,3.0,6.0,-0.860205851627471,1.0,0.0,0.0,0.0,0.0,1.0,-0.6017065647226817,0.0,0.4394088356462248,0.0,42.0,-1.9587711131241556,-1.05806060850053,-0.928011554238016,1.0,-0.9145243838527428
-0.4283893489647468,4.0,0.0,0.0755767491293914,3.0,1.0,0.0,0.0,2.0,2.0,0.4375141530803294,0.0,0.167157242552184,0.0,28.0,-0.6568592511516558,0.6593865054950222,0.3099203384243106,3.0,-0.35476681514167
1.432179817804238,4.0,0.0,0.3584877679628614,0.0,2.0,0.0,0.0,2.0,1.0,-0.3962792135290632,2.0,-1.4323208668753056,0.0,16.0,0.9038446411296044,-1.15032016421107,-0.9134476496184591,0.0,0.5326537206197867
-1.4295527577499625,3.0,0.0,-0.2290966557681917,0.0,1.0,0.0,0.0,0.0,1.0,0.0991632217026048,0.0,0.8818176744240411,0.0,18.0,-0.4942106287508682,0.3329296160578111,-0.5347861295099828,0.0,-0.6867986217527258
-1.482711876800505,3.0,1.0,-0.9254930098198102,2.0,0.0,0.0,0.0,1.0,1.0,-0.6742103357321941,0.0,-0.4794402910461628,0.0,56.0,-0.9532411853042192,0.1058291712319821,-0.6949890803251075,3.0,-0.7916507712088487
-0.1360141941867635,4.0,2.0,0.3367253818987483,1.0,1.0,0.0,0.0,0.0,1.0,0.727529237118379,0.0,1.0860063692445716,0.0,18.0,-0.5722819675032668,0.226476282545688,0.5866345261958896,1.0,-0.5322509222939613
1.6802557067067694,4.0,6.0,0.2279134515781829,3.0,2.0,0.0,2.0,2.0,1.0,-0.1183480913259323,2.0,-1.1260378246445095,0.0,62.0,-2.576835878247097,1.496819395790323,0.2662286245656403,3.0,-0.2455485566496008
1.166384222551526,3.0,5.0,-0.0005916020950043,2.0,0.0,0.0,0.0,0.0,1.0,0.3529264202358983,0.0,0.5755346321932452,0.0,29.0,1.5175721096552022,-0.1709494958995378,0.3390481476634242,2.0,-0.3411141915145707
0.5727740598204688,3.0,3.0,-0.9254930098198102,2.0,0.0,0.0,0.0,0.0,1.0,-0.6742103357321941,0.0,-0.3773459436358975,0.0,50.0,-1.1773348428341763,-0.603859718848872,-0.0250494678254953,3.0,-1.0715295555643851
0.182940520116491,3.0,4.0,-0.7078691491786794,1.0,0.0,0.0,0.0,0.0,1.0,-0.9642254197702438,1.0,0.3032830390992044,0.0,60.0,-1.3421521135336103,0.2406700603472708,-0.8115003172815618,1.0,-0.7916507712088487
-0.4904083211903797,3.0,5.0,-0.718750342210736,0.0,1.0,0.0,0.0,0.0,2.0,-0.7587980685766252,1.0,1.1200378183813269,0.0,11.0,-0.0879505141320495,1.496819395790323,-0.8260642219011185,0.0,-0.4858320019618236
0.9448878931742658,3.0,1.0,-0.95813658891598,1.0,2.0,0.0,0.0,0.0,1.0,-0.7104622212369504,0.0,-1.4663523160120606,0.0,48.0,-0.3857782138170097,-0.2490152738083945,-0.5493500341295396,1.0,-0.5759393179006792
1.7245549725822211,2.0,6.0,-0.0005916020950043,3.0,0.0,0.0,1.0,0.0,1.0,0.3529264202358983,0.0,-0.6836289858666934,0.0,10.0,1.3274539421378508,-0.5541814965431809,0.6594540492936736,3.0,0.1640328826881046
-1.199196575197612,4.0,4.0,0.3476065749308049,1.0,1.0,0.0,0.0,0.0,5.0,0.7396131989532978,0.0,-1.9768240530633872,1.0,51.0,1.4517897779286888,0.0348602822238664,-0.3017636555970743,2.0,-0.4503351805313653
-1.3675337855243297,2.0,1.0,-1.4151466962623545,1.0,0.0,0.0,0.0,1.0,4.0,-1.217988618303537,0.0,-0.7857233332769588,0.0,66.0,-1.842386987761807,-0.0077210511809827,-1.612515071357185,1.0,-1.1056611146321331
-0.8536623013690863,3.0,3.0,-0.5446512536978313,0.0,0.0,0.0,0.0,0.0,2.0,-0.6017065647226817,1.0,-1.0920063755077547,0.0,16.0,0.9190251792203344,-1.221289053219085,-0.6076056526077668,0.0,-0.3001563206332727
0.794270389197729,4.0,11.0,1.881854792450777,2.0,1.0,0.0,0.0,0.0,6.0,2.443451817676839,0.0,0.6095660813300003,0.0,34.0,0.1014447706191035,-0.1425619402962714,1.533288326467081,3.0,2.839947113599574
0.1740806669414006,4.0,2.0,0.630517593764275,2.0,1.0,0.0,0.0,0.0,0.0,1.053796206661185,0.0,0.7797233270137758,0.0,17.0,-0.0503606102882982,0.6664833943957631,1.3585214710323992,3.0,0.5771749262677576
-1.4915717299755953,3.0,6.0,-0.2726214278964178,1.0,2.0,0.0,2.0,2.0,2.0,0.0508273743629299,0.0,-2.317138544430938,0.0,52.0,0.3269841936815085,-0.6890223856585704,0.1934091014678564,1.0,0.3879359101725337
1.3701608455786052,3.0,5.0,1.1636960523350453,1.0,2.0,0.0,0.0,1.0,2.0,0.413346229410492,2.0,-1.568446663422326,0.0,24.0,0.5395117269518813,-0.6251503855512967,1.708055181901762,1.0,1.8296529651942235
-1.482711876800505,3.0,2.0,2.6979442698550176,3.0,1.0,0.0,0.0,1.0,3.0,2.4313678558419207,2.0,0.507471733919735,0.0,39.0,0.4419225535114087,1.3052033954685016,0.5429428123372192,3.0,0.423432731602992
-1.1637571624972505,3.0,6.0,-0.2182154627361351,3.0,0.0,0.0,0.0,0.0,1.0,-0.5533707173830068,1.0,0.4734402847829799,0.0,40.0,-1.665280710036488,-0.3057903850149274,-0.1706885140210632,3.0,-0.5459035459210607
0.9891871590497178,4.0,10.0,0.510824470411653,3.0,1.0,0.0,0.0,0.0,2.0,0.9208726264770788,0.0,0.6435975304667554,0.0,12.0,1.2472139550868058,1.780694951822685,0.557506716956776,3.0,-0.3650062828619945
1.6625360003565886,3.0,2.0,-0.1855718836399655,0.0,1.0,0.0,0.0,0.0,2.0,0.1474990690422798,0.0,0.9498805726975512,0.0,21.0,0.2821654621755171,1.4045598400797827,-0.112432895542836,0.0,0.0821171409255086
0.1209215478908582,3.0,2.0,0.8590226474374623,1.0,1.0,0.0,0.0,0.0,3.0,1.3075594051944783,0.0,1.3922894114753677,0.0,51.0,1.5515475996678592,-0.0786899401889975,1.2857019479346152,1.0,0.300559118959098
0.0411828693150445,4.0,2.0,0.8481414544054057,2.0,0.0,0.0,0.0,1.0,2.0,-0.3116914806846321,2.0,0.6095660813300003,0.0,4.0,0.9573379658303356,0.0987322823311403,0.1205895783700724,2.0,0.5749768538637946
1.432179817804238,3.0,3.0,-0.7731563073710187,2.0,2.0,0.0,0.0,0.0,5.0,-0.5050348700433318,0.0,-0.4454088419094077,0.0,15.0,-0.6272210577363944,-0.5967628299480302,-0.8988837449989024,2.0,-0.928313533716113
-0.9954199521705328,4.0,11.0,2.3715084788933214,2.0,1.0,0.0,0.0,0.0,0.0,2.9872301002481825,0.0,1.2561636149283473,0.0,4.0,0.8243275368448093,0.2974451715538037,-0.0541772770646089,2.0,1.447379503635442
-1.1903367220225216,4.0,6.0,-0.3705521651849267,2.0,0.0,0.0,0.0,0.0,1.0,-0.7346301449067878,1.0,0.2352201408256942,0.0,42.0,-1.7368461038928449,-1.313548608929625,-0.796936412662005,3.0,-0.9146609100890136
-0.5435674402409221,5.0,0.0,0.0429331700332217,0.0,2.0,0.0,0.0,1.0,1.0,-0.0820962058211761,1.0,-2.0789184004736523,0.0,59.0,0.6081855897432907,-0.9870917194924144,-0.0396133724450521,0.0,0.3879359101725337
0.4398762621941127,4.0,5.0,-0.196453076672022,1.0,0.0,0.0,2.0,0.0,1.0,-0.589622602887763,2.0,-0.3433144944991424,0.0,48.0,-0.4689097319330021,-0.107077495792264,0.353612052282981,1.0,-0.2100490046944171
-1.1017381902716177,2.0,6.0,-1.0560673262044886,0.0,1.0,0.0,0.0,0.0,2.0,-0.8192178777512189,0.0,1.4603523097488778,0.0,65.0,0.0349395561263404,-0.5612783854440228,-0.8260642219011185,0.0,-0.84680737066233
-1.287795106948516,5.0,5.0,1.0331217359503668,2.0,1.0,0.0,0.0,0.0,3.0,1.500902794553178,0.0,1.4603523097488778,0.0,39.0,0.2395153789682234,1.11358739514668,1.5915439449453077,1.0,0.81176522752748
-1.1017381902716177,4.0,2.0,1.0657653150465365,1.0,1.0,0.0,0.0,0.0,3.0,1.5371546800579343,0.0,1.3922894114753677,0.0,23.0,-1.3804649001436111,1.1064905062458383,1.533288326467081,1.0,-0.2045879552435773
1.5296382027302324,3.0,6.0,-0.4358393233772659,2.0,0.0,0.0,0.0,0.0,1.0,-0.7346301449067878,1.0,0.167157242552184,0.0,5.0,1.4134769913187393,-0.9870917194924144,-0.1415607047819496,2.0,-0.3285537777776393
-1.3143746664737872,3.0,0.0,0.0102895909370521,3.0,1.0,0.0,0.0,0.0,2.0,0.365010382070817,0.0,0.4053773865094697,0.0,30.0,1.0238431803230983,0.5955145053877483,-0.3308914648361878,3.0,0.0605459955946917
1.051206131275351,3.0,6.0,-0.2508590418323048,3.0,2.0,0.0,4.0,2.0,5.0,0.0749952980327674,0.0,-2.146981298747163,0.0,39.0,0.3942122909405213,1.0426185061386652,1.03811556940215,3.0,0.0875781903763483
1.343581286053334,3.0,0.0,-0.577294832794001,0.0,3.0,0.0,0.0,0.0,2.0,-0.2875235570147946,0.0,1.3582579623386124,0.0,6.0,1.0050482284012228,-0.937413497186824,-0.6367334618468804,0.0,-0.436682556904266
-1.0485790712210752,4.0,9.0,2.491201602245943,3.0,1.0,0.0,0.0,0.0,6.0,3.1201536804322885,0.0,1.2561636149283473,0.0,28.0,-0.3850553310508114,0.4677705051732006,2.290611366684033,2.0,1.3381585146186472
-0.605586412466555,4.0,2.0,0.3149629958346353,2.0,0.0,0.0,0.0,1.0,2.0,-0.2271037478402009,2.0,-0.1391257996786118,0.0,17.0,-0.0250597134704322,0.2619607270496954,0.0914617691309589,2.0,0.1640328826881046
-0.5790068529412837,3.0,7.0,2.001547915803399,3.0,1.0,1.0,4.0,1.0,6.0,2.5763753978609456,0.0,0.847786225287286,0.0,34.0,0.0848184669958742,0.0703447267279747,2.1304084158689087,3.0,6.990344696237772
-1.447272464100143,2.0,1.0,-1.1104732913647717,1.0,0.0,0.0,0.0,0.0,1.0,-0.8796376869258126,0.0,-1.534415214285571,0.0,5.0,1.086733980984716,-1.0083823861948389,-0.0104855632059385,1.0,-0.2155100541452568
1.5030586432049613,2.0,2.0,-0.369464045881721,0.0,1.0,0.0,0.0,0.0,2.0,-0.4131967600979494,1.0,1.222132165791592,0.0,27.0,1.0440838977774225,0.0348602822238664,0.149717387609186,3.0,-0.1663606090876992
-1.3232345196488775,4.0,6.0,-0.316146200024644,3.0,0.0,0.0,0.0,1.0,1.0,-0.360027328024307,1.0,-0.0710629014051016,0.0,2.0,-0.2737313850520569,1.1845562841547956,-0.1706885140210632,3.0,-0.35476681514167
-1.5358709958510477,4.0,5.0,1.1092900871747626,0.0,1.0,0.0,0.0,0.0,2.0,0.2562547255565484,2.0,-1.7726353582428565,1.0,52.0,0.4043326496676574,-0.5470846076423391,0.2079730060874131,0.0,0.5531326560604356
-1.110598043446708,4.0,2.0,0.510824470411653,3.0,0.0,0.0,0.0,1.0,1.0,-0.589622602887763,2.0,-0.3433144944991424,0.0,10.0,1.506005985395618,-0.4974063853367489,0.1351534829896292,3.0,-0.2182405788706767
-0.1271543410116731,2.0,6.0,0.1517451003537872,3.0,0.0,0.0,0.0,1.0,2.0,0.5221018859247606,0.0,-0.0370314522683465,0.0,64.0,1.304321693618631,0.6026113942884893,0.3390481476634242,3.0,-0.1228087397172523
-0.0739952219611306,3.0,5.0,1.3160327547838369,3.0,1.0,0.0,0.0,1.0,0.0,1.8150858022610648,0.0,0.5755346321932452,0.0,42.0,-1.840941222229359,-0.8948321637819748,0.8924765232065821,3.0,-0.068061718972584
0.7854105360226386,3.0,4.0,-0.5881760258260575,1.0,0.0,0.0,0.0,1.0,5.0,-0.2996075188497134,0.0,-0.6155660875931832,0.0,10.0,1.281912327865661,-0.660634830055304,-0.724116889564221,2.0,-0.8489917904426659
-1.2257761347228833,3.0,6.0,-0.2835026209284744,2.0,0.0,0.0,0.0,0.0,1.0,-0.6742103357321941,2.0,0.167157242552184,0.0,10.0,1.5710654343559332,-0.5825690521464474,-0.2871997509775175,2.0,-0.518598298666862
-0.7562039164430918,3.0,2.0,0.0429331700332217,2.0,1.0,0.0,0.0,1.0,3.0,0.4012622675755732,0.0,0.4394088356462248,0.0,17.0,-0.0879505141320495,0.5174487274787908,0.4409954800003217,3.0,0.4889653250130688
-1.3586739323492394,4.0,0.0,-0.1311659184796828,2.0,0.0,0.0,0.0,1.0,2.0,-0.6017065647226817,2.0,-0.4113773927726526,0.0,63.0,0.3450562628371345,0.1555073935376732,0.2516647199460835,2.0,0.4998874239147482
-0.1803134600622155,3.0,0.0,-0.4793640955054921,1.0,1.0,0.0,0.0,0.0,1.0,-0.178767900500526,0.0,0.6095660813300003,0.0,27.0,1.151793429945031,0.2690576159505372,-0.5056583202708693,1.0,-0.5213288233922819
1.6891155598818597,4.0,2.0,0.249675837642296,1.0,1.0,0.0,2.0,0.0,2.0,0.6308575424390293,0.0,1.3922894114753677,0.0,44.0,-0.7848095007735882,-0.3767592740229422,-0.2726358463579607,2.0,-0.3220005184366316
-0.2511922854629387,2.0,1.0,-1.3280971520059022,1.0,0.0,0.0,0.0,0.0,5.0,-1.1213169236241871,0.0,-0.9558805789607342,0.0,5.0,1.2110698167755538,-0.8735414970795502,-1.1173423142922545,1.0,-0.8544528398935056
1.3524411392284243,4.0,2.0,-0.5011264815696052,2.0,1.0,0.0,0.0,1.0,1.0,-0.2029358241703634,0.0,0.4053773865094697,0.0,39.0,0.4744522779915662,1.099393617345097,-0.7386807941837779,2.0,-0.0817143425996833
-0.6676053846921878,2.0,6.0,-1.121354484396828,0.0,0.0,0.0,0.0,1.0,2.0,-0.8917216487607313,0.0,0.0990943442786738,0.0,50.0,-1.2922732026640251,-0.7316037190633188,-1.2192896466291518,0.0,-0.9636738289103004
-0.8802418608943574,3.0,4.0,-0.457601709441379,2.0,1.0,0.0,0.0,1.0,2.0,-0.1545999768306885,0.0,0.5415031830564901,0.0,45.0,-1.3992598520654356,0.8935838392216929,-0.724116889564221,2.0,-0.7371768029367224
1.6891155598818597,4.0,2.0,-0.337908586088757,3.0,1.0,0.0,0.0,0.0,1.0,-0.0216763966465824,0.0,0.6435975304667554,0.0,12.0,1.2342020652947736,1.7594042851202605,0.0914617691309589,3.0,-0.231893202497776
-1.1283177497968888,4.0,11.0,1.8927359854828332,3.0,0.0,0.0,0.0,0.0,0.0,2.455535779511758,0.0,0.7797233270137758,0.0,64.0,1.2566114310477436,0.6593865054950222,1.6789273726626486,3.0,1.856958212448422
1.6625360003565886,3.0,10.0,2.045072687931625,1.0,1.0,0.0,3.0,0.0,0.0,0.9812924356516723,2.0,-1.2961950703282852,0.0,43.0,0.5763787480293829,-1.384517497937741,1.0818072832608203,1.0,1.856958212448422
1.2815623138277012,4.0,1.0,-0.1094035324155697,0.0,2.0,0.0,0.0,0.0,1.0,0.2320868018867109,0.0,-1.7386039091061014,0.0,6.0,0.7281841289367847,-0.8309601636747009,-0.2580719417384039,0.0,0.4370853552300913
1.627096587656227,2.0,1.0,-1.080005950875013,2.0,0.0,0.0,0.0,0.0,5.0,-0.8458025937880401,0.0,-0.6495975367299384,1.0,40.0,-2.106239197434162,-0.1212712735938468,-1.3095858552704038,2.0,-0.8244170679138871
0.7588309764973673,4.0,5.0,1.5989437736173069,1.0,1.0,0.0,0.0,0.0,3.0,2.129268809968952,0.0,1.4263208606121227,0.0,30.0,1.06793902906284,0.7019678388998714,1.6789273726626486,1.0,1.1278808055140634
-1.1637571624972505,2.0,1.0,-1.1322356774288844,0.0,0.0,0.0,0.0,1.0,1.0,-0.90380561059565,0.0,-1.7726353582428565,1.0,24.0,0.4274648981868771,-0.6890223856585704,0.3827398615220946,0.0,0.1640328826881046
1.166384222551526,3.0,1.0,-1.0125425540762625,1.0,0.0,0.0,0.0,1.0,5.0,-1.1938206946336998,1.0,-0.853786231550469,0.0,49.0,-0.0077105270810046,-1.2638703866239342,-1.1173423142922545,1.0,-0.3274615678874714
0.0500427224901349,3.0,0.0,0.2170322585461264,1.0,1.0,0.0,2.0,0.0,2.0,0.594605656934273,0.0,0.4394088356462248,0.0,14.0,-0.1269861835082489,-1.214192164318344,-0.0978689909232793,1.0,0.3278643662132966
0.8651492145984522,3.0,6.0,0.0755767491293914,2.0,0.0,0.0,0.0,1.0,1.0,0.4375141530803294,0.0,-0.3773459436358975,0.0,57.0,0.4730065124591182,0.6735802832966049,-1.2921091697269356,2.0,-0.2799504376651657
1.3967404051038763,4.0,2.0,-0.196453076672022,2.0,0.0,0.0,0.0,0.0,1.0,0.135415107207361,0.0,-0.3092830453623873,0.0,58.0,0.4108385945636992,0.5458362830820572,0.0768978645114021,2.0,-0.2455458261248753
-1.1637571624972505,3.0,2.0,-0.2835026209284744,2.0,1.0,0.0,0.0,0.0,1.0,0.0387434125280112,0.0,0.4053773865094697,0.0,56.0,-0.7399907692675968,0.0703447267279747,-0.18525241864062,2.0,-0.5733453194115303
1.6005170281309558,3.0,2.0,0.0864579421614479,3.0,1.0,0.0,0.0,0.0,2.0,0.4495981149152482,0.0,0.9498805726975512,0.0,36.0,-1.0356498206539106,0.2193793936448461,0.0040783414136181,3.0,-0.5076761997651825
1.7245549725822211,3.0,2.0,-0.457601709441379,0.0,3.0,0.0,1.0,0.0,3.0,-0.3116914806846321,1.0,1.4943837588856328,0.0,49.0,0.1585525091509287,-1.33483927563205,-0.6949890803251075,0.0,0.5176358346299774
1.653676147181498,4.0,10.0,1.5728289103403712,3.0,1.0,0.0,0.0,0.0,0.0,2.100267301565147,0.0,0.8818176744240411,0.0,21.0,0.0515658597495183,1.283912728766077,2.405666213178532,3.0,1.0132260722936832
0.8740090677735426,3.0,2.0,1.2072208244632714,2.0,1.0,0.0,0.0,0.0,3.0,1.694246183911878,0.0,1.188100716654837,0.0,28.0,-0.3987901036090933,0.4961580607763662,1.4313409941301831,2.0,-0.1213069511182714
-1.1903367220225216,2.0,2.0,-0.7622751143389621,0.0,3.0,0.0,0.0,0.0,3.0,-0.4929509082084131,0.0,1.188100716654837,0.0,6.0,0.7628825017155886,-1.001285497294098,-0.8115003172815618,0.0,0.0247761216916914
1.060065984450441,3.0,0.0,-0.2399778488002482,3.0,0.0,0.0,0.0,1.0,1.0,0.0870792598676861,0.0,0.167157242552184,0.0,54.0,-1.9204583265142057,0.169701171339256,-0.2507899894286255,2.0,-0.743866588514001
-1.4915717299755953,4.0,5.0,-0.4358393233772659,3.0,0.0,0.0,0.0,1.0,1.0,-0.130432053160851,0.0,-0.1731572488153669,0.0,30.0,0.6927628733917311,0.6168051720901729,0.6011984308154463,2.0,0.2322960008236013
-1.1283177497968888,4.0,5.0,-0.0876411463514566,1.0,1.0,0.0,0.0,0.0,1.0,0.2562547255565484,0.0,0.8818176744240411,0.0,23.0,-1.4238378661171032,1.333590951071768,-0.4037109879339718,1.0,-0.8298781173647268
-0.0562755156109498,2.0,1.0,-0.9146118167877536,2.0,2.0,0.0,2.0,0.0,1.0,-0.6621263738972754,0.0,-1.568446663422326,0.0,1.0,1.2486597206192538,-0.5257939409399145,1.169190710978161,2.0,-0.2837731722807535
-0.9511206862950808,5.0,9.0,4.188667715246763,3.0,1.0,0.0,2.0,0.0,6.0,2.5763753978609456,2.0,0.847786225287286,0.0,2.0,-0.0409631343273604,0.829711839114419,2.727528505270737,3.0,2.676115630074382
-1.1460374561470696,4.0,2.0,-0.0441163742232305,2.0,0.0,0.0,0.0,0.0,2.0,-0.4446150608687381,2.0,-0.2752515962256322,0.0,17.0,-0.0626496173141321,0.3116389493553865,0.8050930954892414,2.0,-0.109019589853882
0.2449594923421238,3.0,4.0,-0.5446512536978313,1.0,0.0,0.0,0.0,0.0,1.0,-1.1092329617892684,2.0,-1.0579749263709994,0.0,6.0,0.9269768896488244,-0.9090259415835577,-0.9862671727162432,1.0,0.0630034678475695
-1.5358709958510477,4.0,10.0,0.3476065749308049,3.0,1.0,0.0,0.0,1.0,2.0,0.7396131989532978,0.0,0.3713459373727146,0.0,64.0,1.3238395283067563,0.5884176164869065,0.426431575380765,3.0,0.1230750118068066
1.0955053971508026,2.0,2.0,-1.0778297122686018,3.0,1.0,0.0,0.0,0.0,1.0,-0.8433858014210563,0.0,1.222132165791592,0.0,50.0,-1.0356498206539106,-0.7457974968650025,-0.8843198403793457,1.0,-0.9172549085781626
0.1297814010659486,4.0,7.0,0.2605570306743526,1.0,1.0,0.0,0.0,0.0,1.0,0.6429415042739479,0.0,0.167157242552184,0.0,10.0,1.521186523486348,-0.6961192745593114,0.0914617691309589,2.0,-0.6278192876836567
1.653676147181498,2.0,1.0,-0.9472553958839232,1.0,2.0,0.0,0.0,0.0,1.0,-0.6983782594020316,0.0,-1.670541010832591,0.0,14.0,-0.1999973428970023,-1.2638703866239342,-0.8551920311402321,0.0,-0.3766110129450289
0.1120616947157678,3.0,6.0,-0.7078691491786794,3.0,0.0,0.0,0.0,1.0,2.0,-0.4325310990338194,0.0,-0.2412201470888771,0.0,30.0,0.7860147502348083,0.4038985050659268,0.0768978645114021,2.0,-0.211141214584585
-1.5358709958510477,3.0,0.0,-1.1779366881635218,0.0,1.0,0.0,0.0,0.0,1.0,-1.196237487000683,1.0,1.222132165791592,0.0,16.0,1.0007109318038787,-1.0864481641037964,-1.4406609968464148,0.0,-0.5895919415277786
-0.6321659719918261,5.0,1.0,-0.5228888676337182,1.0,0.0,0.0,0.0,2.0,1.0,-0.2271037478402009,0.0,-0.3092830453623873,0.0,36.0,-1.1968526775222503,0.1271198379344067,-0.5639139387490965,2.0,-0.76434552395465
-1.5004315831506858,4.0,2.0,1.0004781568541972,1.0,1.0,0.0,0.0,0.0,3.0,1.464650909048422,0.0,1.188100716654837,0.0,28.0,-0.1443353698976251,0.1838949491408388,1.2857019479346152,0.0,0.3688222370945946
-1.1194578966217985,5.0,4.0,-0.0876411463514566,0.0,2.0,0.0,2.0,1.0,1.0,-0.6137905265576005,2.0,-2.146981298747163,0.0,24.0,0.4946929954458899,-0.6180534966504548,-0.4474027017926421,0.0,0.4111453703386026
0.8031302423728193,4.0,1.0,-0.3814333582169832,2.0,0.0,0.0,0.0,1.0,1.0,-0.9400574961004062,2.0,-0.3092830453623873,0.0,55.0,-0.7320390588391584,0.276154504851379,-0.9003401354608581,2.0,-0.622358238232817
-0.6321659719918261,2.0,1.0,-1.2192852216853367,3.0,0.0,0.0,0.0,0.0,1.0,-1.000477305275,0.0,0.2011886916889391,0.0,32.0,-0.8050502182279119,3.122006954075335,-1.0882145050531409,2.0,-0.7779981475817493
-0.1714536068871251,3.0,1.0,-1.1757604495571106,0.0,0.0,0.0,0.0,0.0,2.0,-0.952141457935325,0.0,-0.887817680687224,0.0,61.0,0.7448104325599626,-0.4477281630310578,0.3681759569025378,0.0,0.1913381299423033
-0.6676053846921878,4.0,2.0,1.457488264200572,3.0,1.0,0.0,0.0,0.0,3.0,1.9721773061150087,0.0,1.222132165791592,0.0,27.0,1.1431188367503429,-0.1922401626019624,0.7759652862501278,3.0,0.4916958497384886
1.565077615430594,3.0,7.0,0.391131347059031,0.0,1.0,0.0,0.0,1.0,2.0,-0.178767900500526,2.0,0.3713459373727146,0.0,5.0,1.122878119296019,-0.9090259415835577,0.6594540492936736,0.0,-0.068061718972584
-0.8093630354936342,4.0,9.0,2.676181883790904,3.0,1.0,0.0,0.0,0.0,6.0,2.91472632923867,1.0,0.9158491235607962,0.0,17.0,-0.1110827626512692,0.5458362830820572,2.916859265324975,3.0,1.665821481669031
-0.3132112576885716,3.0,2.0,0.1952698724820133,2.0,1.0,0.0,0.0,0.0,2.0,-0.1062641294910135,1.0,-1.568446663422326,1.0,16.0,0.9609523796614298,-1.313548608929625,-0.3600192740753014,3.0,0.9831903003140646
-0.7296243569178206,3.0,0.0,-0.2399778488002482,2.0,1.0,0.0,0.0,0.0,1.0,0.0870792598676861,0.0,0.7797233270137758,0.0,23.0,-1.2539604160540756,1.3052033954685016,-0.6658612710859939,2.0,-0.7097350294462527
-0.5435674402409221,3.0,6.0,0.0973391351935044,3.0,0.0,0.0,0.0,2.0,2.0,0.4616820767501669,0.0,-0.207188697952122,0.0,4.0,0.6783052180671996,0.1342167268352485,-0.0104855632059385,2.0,1.0023039733920036
-0.2068930195874867,4.0,0.0,0.793735489245123,3.0,1.0,0.0,0.0,0.0,2.0,0.0870792598676861,2.0,-0.4113773927726526,0.0,40.0,-1.8835913054366529,-0.5612783854440228,0.0477700552722885,3.0,0.0862129280136384
-1.1283177497968888,5.0,16.0,4.6892025947213645,3.0,1.0,0.0,0.0,0.0,0.0,3.349748955295744,2.0,-1.0579749263709994,0.0,24.0,0.5156565956664119,-0.5470846076423391,2.945987074564089,2.0,5.270114119223256
-0.1360141941867635,4.0,2.0,0.2932006097705222,0.0,4.0,0.0,0.0,0.0,1.0,0.6791933897787041,0.0,0.9498805726975512,0.0,9.0,-0.2122863499228362,-0.9728979416908314,-1.2629813604878222,0.0,-0.3820720623958687
0.4221565558439319,2.0,1.0,0.3584877679628614,1.0,1.0,0.0,0.0,0.0,3.0,0.1716669927121173,1.0,1.222132165791592,0.0,49.0,0.0421683837885805,-1.2851610533263589,-0.6512973664664371,1.0,0.505348473365588
-0.6676053846921878,5.0,2.0,-0.0767599533194001,0.0,2.0,0.0,0.0,0.0,5.0,-0.3358594043544695,1.0,-2.010855502200142,0.0,13.0,0.6674619765738137,-1.0793512752029546,-0.3017636555970743,0.0,-0.1772827079893787
1.2461229011273396,3.0,5.0,0.3367253818987483,3.0,0.0,0.0,0.0,0.0,2.0,-0.408363175363982,2.0,0.0650628951419187,0.0,27.0,1.2580571965801917,0.2193793936448461,0.5866345261958896,3.0,0.2268349513727615
1.3701608455786052,3.0,2.0,-0.3923145512490398,2.0,2.0,0.0,0.0,1.0,1.0,-0.0820962058211761,0.0,0.0310314460051636,0.0,27.0,1.1416730712178431,0.3258327271569692,-0.2871997509775175,1.0,-0.0407564717183853
-1.066298777571256,4.0,2.0,0.108220328225561,2.0,0.0,0.0,0.0,1.0,1.0,-0.7346301449067878,2.0,-0.1050943505418567,0.0,30.0,0.8843268064415306,0.730355394503037,-0.2143802278797335,2.0,0.0002013991629126
1.1752440757266165,2.0,1.0,-1.362916969708483,0.0,0.0,0.0,0.0,0.0,5.0,-1.159985601495927,0.0,-0.1050943505418567,1.0,40.0,-2.127925680420933,-0.213530829304387,-1.6882473753788805,1.0,-1.17392423276763
0.2892587582175758,4.0,0.0,-0.3923145512490398,0.0,0.0,0.0,0.0,0.0,1.0,-1.1213169236241871,2.0,-1.0579749263709994,1.0,49.0,0.1180710742422814,-1.4058081646401657,-0.389147083314415,0.0,0.0411592700442106
-0.6321659719918261,4.0,9.0,1.294270368719724,3.0,1.0,0.0,0.0,0.0,3.0,0.3891783057406545,2.0,0.6435975304667554,0.0,39.0,0.4751751607577645,1.220040728658803,1.504160517227967,2.0,0.300559118959098
1.1309448098511643,5.0,0.0,-0.1420471115117393,2.0,0.0,0.0,0.0,0.0,1.0,-0.7950499540813815,2.0,0.3032830390992044,0.0,20.0,-1.7491351109186786,-0.8309601636747009,-0.4619666064121989,2.0,-0.7575192121411004
0.7322514169720961,3.0,5.0,-0.4140769373131528,0.0,0.0,0.0,0.0,0.0,1.0,-0.8796376869258126,2.0,-1.7726353582428565,0.0,25.0,0.8445682542990816,-0.6890223856585704,-0.1561246094015064,0.0,-0.0544090953454846
1.3790206987536957,4.0,0.0,0.0429331700332217,2.0,1.0,0.0,0.0,0.0,2.0,0.4012622675755732,0.0,0.3373144882359595,0.0,2.0,-0.0040961132498588,0.9361651726265422,-0.1415607047819496,2.0,0.710137827772078
0.0411828693150445,3.0,0.0,-0.6861067631145663,3.0,0.0,0.0,0.0,1.0,1.0,-0.7346301449067878,1.0,-0.2752515962256322,0.0,20.0,-2.0151559688897307,-0.603859718848872,-0.6804251757055507,3.0,-0.7506929003275506
-1.1637571624972505,2.0,2.0,0.7502107171168968,2.0,1.0,0.0,0.0,0.0,2.0,1.186719786845291,0.0,1.188100716654837,0.0,53.0,1.065047497997944,1.397462951179042,-0.1706885140210632,1.0,0.5867181101831
-1.0042798053456232,2.0,4.0,-0.9907801680121494,0.0,2.0,0.0,1.0,1.0,2.0,-0.7467141067417065,0.0,-1.5003837651488157,0.0,13.0,0.580716044626727,-1.1148357197069618,0.2516647199460835,0.0,0.1995297041185629
-1.3143746664737872,3.0,2.0,-0.1420471115117393,2.0,1.0,0.0,0.0,1.0,3.0,0.1958349163819547,0.0,0.6435975304667554,0.0,45.0,-1.2460087056255855,0.3755109494626603,0.5283789077176625,2.0,-0.5773045802633892
-1.3143746664737872,2.0,2.0,0.652279979828388,3.0,0.0,0.0,0.0,0.0,3.0,1.0779641303310223,0.0,1.188100716654837,0.0,53.0,1.0693847945952883,1.3832691733773583,0.4628413369296569,1.0,1.0651060420766607
-1.1017381902716177,1.0,1.0,-1.5021962405188067,0.0,0.0,0.0,0.0,1.0,1.0,-1.314660312982887,0.0,-2.181012747883918,0.0,9.0,0.0457827976197262,-1.0651574974013718,-0.9425754588575728,0.0,-0.6687771585649547
-0.8536623013690863,3.0,4.0,0.1952698724820133,1.0,0.0,0.0,0.0,0.0,3.0,0.5704377332644355,0.0,1.3922894114753677,0.0,55.0,-0.7269788794755646,0.552933171982899,0.5138150030981057,1.0,-0.1637666105985503
0.3867171431435703,4.0,7.0,0.3802501540269745,1.0,1.0,0.0,0.0,0.0,2.0,0.775865084458054,0.0,1.0860063692445716,0.0,23.0,-1.493234611674814,1.4045598400797827,0.6448901446741168,1.0,-0.35476681514167
-1.1283177497968888,4.0,6.0,0.2605570306743526,0.0,2.0,0.0,0.0,2.0,2.0,0.0387434125280112,1.0,-1.534415214285571,0.0,61.0,0.7664969155467343,-0.8025726080714345,-0.0687411816841657,0.0,1.0951418140562792
-0.8891017140694478,3.0,1.0,-0.6099384118901706,2.0,0.0,0.0,0.0,0.0,5.0,-0.90380561059565,1.0,-0.6836289858666934,0.0,15.0,-0.3358993029474759,-0.8593477192778666,-0.9717032680966864,2.0,-0.9008717602256434
-1.3586739323492394,3.0,4.0,-0.6534631840183968,0.0,0.0,0.0,0.0,1.0,1.0,-1.254240503808293,2.0,-1.4663523160120606,0.0,16.0,0.9110734687918448,-1.107738830806221,-1.073650600433584,0.0,0.1503802590610053
1.4056002582789668,5.0,5.0,1.7730428621302117,2.0,1.0,0.0,0.0,0.0,3.0,2.322612199327652,0.0,0.847786225287286,0.0,18.0,-0.3315620063500805,0.2690576159505372,1.8391303234777727,2.0,0.2759843964303192
-0.1182944878365827,2.0,1.0,-0.9254930098198102,1.0,0.0,0.0,0.0,0.0,1.0,-0.6742103357321941,0.0,-0.3433144944991424,0.0,5.0,1.2284190031649302,-0.8948321637819748,-1.0445227911944703,1.0,-0.5377119717448011
-1.5358709958510477,3.0,2.0,1.6098249666493634,3.0,1.0,0.0,0.0,0.0,0.0,2.141352771803871,0.0,0.5415031830564901,0.0,53.0,0.7614367361831406,1.170362506353112,2.436250412879601,3.0,0.8493945887684912
-1.1903367220225216,4.0,14.0,2.545607567406226,3.0,1.0,0.0,0.0,0.0,6.0,3.180573489606882,0.0,1.4263208606121227,0.0,21.0,0.2279492547085879,1.3264940621709262,2.2177918435862494,3.0,2.1573159322446074
-0.1271543410116731,4.0,0.0,0.3802501540269745,2.0,1.0,0.0,0.0,1.0,2.0,0.775865084458054,0.0,0.2692515899624493,0.0,17.0,-0.0257825962366305,0.3613171716610775,0.5866345261958896,3.0,0.7784009459075747
0.6259331788710112,3.0,0.0,0.0102895909370521,1.0,0.0,0.0,0.0,1.0,1.0,-0.6137905265576005,2.0,0.2011886916889391,0.0,36.0,-1.1910696153924585,0.2974451715538037,-0.2726358463579607,1.0,-0.6878908316428938
-0.977700245820352,4.0,6.0,0.391131347059031,2.0,0.0,0.0,0.0,1.0,3.0,-0.2029358241703634,2.0,-0.3773459436358975,0.0,3.0,1.1582993748410726,-1.0438668306989471,0.0623339598918453,2.0,0.0957697645526079
0.6347930320461016,3.0,3.0,-0.4467205164093225,3.0,0.0,0.0,0.0,1.0,2.0,-0.1425160149957698,0.0,-0.513471740182918,0.0,62.0,-2.5985223612338686,1.496819395790323,-0.4619666064121989,2.0,-0.6687771585649547
1.051206131275351,4.0,2.0,0.2823194167384656,3.0,1.0,0.0,0.0,0.0,3.0,0.6671094279437854,0.0,0.7456918778770207,0.0,10.0,1.498777157733378,-0.6535379411544622,-0.0833050863037225,3.0,-0.0025291255625072
0.6259331788710112,5.0,4.0,-0.2182154627361351,0.0,0.0,0.0,0.0,0.0,1.0,-1.0246452289448371,2.0,-0.6495975367299384,1.0,37.0,-0.0453004309247045,-0.4903094964359071,-0.928011554238016,1.0,-0.518734824903133
-1.1371776029719791,2.0,1.0,-1.0887109053006585,0.0,0.0,0.0,3.0,0.0,1.0,-0.8554697632559751,0.0,-1.602478112559081,0.0,6.0,0.7722799776765265,-1.0083823861948389,-0.2871997509775175,0.0,-0.0407564717183853
1.060065984450441,5.0,7.0,0.1626262933858437,1.0,0.0,0.0,0.0,0.0,1.0,-0.5533707173830068,2.0,1.4603523097488778,0.0,15.0,-0.5267403532310257,-0.7528943857657434,0.353612052282981,2.0,-0.5254246104804117
-1.4029731982246914,3.0,2.0,0.4128937331231441,0.0,1.0,0.0,0.0,0.0,1.0,0.8121169699628102,0.0,1.222132165791592,0.0,33.0,-0.1327692456380409,2.341349174986466,0.1060256737505156,0.0,-0.2714858110163641
1.627096587656227,4.0,10.0,1.9906667227713424,1.0,1.0,0.0,2.0,1.0,6.0,0.9208726264770788,2.0,-1.2961950703282852,0.0,43.0,0.6139686518730828,-1.384517497937741,1.576980040325751,1.0,3.986767498275918
-0.8625221545441767,3.0,4.0,0.0973391351935044,0.0,0.0,0.0,0.0,2.0,1.0,-0.541286755548088,2.0,-1.7726353582428565,0.0,49.0,0.0804811703985301,-1.2567734977231932,-0.928011554238016,0.0,-0.5732087931752594
0.138641254241039,2.0,1.0,-1.306334765941789,0.0,0.0,0.0,0.0,1.0,1.0,-1.0971489999543498,0.0,-2.1129498496104078,0.0,41.0,0.6992688182877216,-1.036769941798105,-0.0396133724450521,1.0,-0.2182405788706767
1.166384222551526,3.0,4.0,0.2932006097705222,2.0,2.0,0.0,0.0,0.0,3.0,0.6791933897787041,0.0,0.6095660813300003,0.0,42.0,-1.847447167125401,-0.9587041638892486,0.6448901446741168,2.0,-0.5486340706464805
-0.9511206862950808,3.0,2.0,-0.5881760258260575,1.0,0.0,0.0,0.0,0.0,5.0,-1.230072580138456,2.0,-0.9218491298239792,1.0,31.0,0.070360811671394,-1.164513942012653,-0.4037109879339718,1.0,-0.068061718972584
-1.0751586307463463,3.0,0.0,0.0102895909370521,3.0,0.0,0.0,0.0,0.0,1.0,-0.4204471371989007,2.0,-0.4454088419094077,0.0,25.0,0.9920363386091392,-0.4761157186343243,-0.3600192740753014,2.0,-0.1310003138935119
-1.1194578966217985,3.0,3.0,0.2714382237064091,3.0,0.0,0.0,0.0,0.0,2.0,-0.5533707173830068,2.0,-0.5815346384564282,0.0,10.0,1.360706549384258,-0.5541814965431809,0.9361682370652524,3.0,-0.2455458261248753
-0.8625221545441767,4.0,5.0,1.5880625805852504,1.0,2.0,0.0,1.0,1.0,2.0,0.2200028400517922,2.0,-0.8197547824137138,0.0,43.0,0.627703424431416,-1.278064164425618,0.3099203384243106,1.0,0.6664494321653601
-0.5612871465911029,3.0,2.0,0.3149629958346353,0.0,1.0,0.0,0.0,0.0,2.0,0.7033613134485416,0.0,1.4603523097488778,0.0,23.0,-1.3754047207800175,1.3903660622782,0.557506716956776,0.0,-0.4152069799388387
0.227239785991943,3.0,3.0,-0.9146118167877536,2.0,0.0,0.0,0.0,0.0,1.0,-0.6621263738972754,0.0,-0.4113773927726526,0.0,38.0,0.1809618749038987,0.3116389493553865,-0.796936412662005,2.0,-0.1772827079893787
1.3701608455786052,3.0,0.0,-0.0876411463514566,3.0,1.0,0.0,0.0,0.0,2.0,0.2562547255565484,0.0,0.847786225287286,0.0,68.0,0.0002411833474851,2.1497331746646444,0.3390481476634242,3.0,0.0002013991629126
1.2461229011273396,4.0,2.0,0.0973391351935044,3.0,1.0,0.0,0.0,0.0,2.0,0.4616820767501669,0.0,0.7116604287402656,0.0,36.0,-1.131070345795737,0.3329296160578111,0.426431575380765,2.0,-0.5459035459210607
0.3512777304432087,2.0,1.0,-1.306334765941789,1.0,0.0,0.0,0.0,0.0,5.0,-1.0971489999543498,0.0,-1.3642579686017955,0.0,25.0,1.010831290531015,-0.7103130523608943,-0.8988837449989024,1.0,-0.3820720623958687
-1.4118330513997817,3.0,4.0,-0.4467205164093225,0.0,2.0,0.0,0.0,0.0,2.0,-0.1425160149957698,0.0,-1.3642579686017955,0.0,16.0,0.9074590549607504,-1.1290294975086457,-0.7386807941837779,0.0,0.1230750118068066
-0.3575105235640236,4.0,5.0,0.8263790683412926,0.0,3.0,0.0,0.0,0.0,3.0,1.271307519689722,0.0,1.4603523097488778,0.0,30.0,1.087456863750914,0.7516460612054616,1.4604688033692967,1.0,0.6553908070274097
0.4221565558439319,4.0,0.0,-0.0767599533194001,1.0,1.0,0.0,0.0,1.0,2.0,0.2683386873914671,0.0,0.5755346321932452,0.0,67.0,-1.4556447078310624,-0.5116001631383317,-0.4765305110317557,1.0,-0.5871344692749006
0.1032018415406774,5.0,11.0,1.3160327547838369,1.0,1.0,0.0,0.0,2.0,0.0,0.4858500004200043,2.0,-1.1260378246445095,0.0,43.0,0.6732450387036057,-1.42709883134259,0.0332061506527317,2.0,2.3211474157697998
-1.5624505553763186,5.0,9.0,1.522775422392911,3.0,1.0,0.0,0.0,1.0,2.0,0.8483688554675665,2.0,0.4053773865094697,0.0,21.0,0.1028905361515515,1.163265617452371,0.8050930954892414,3.0,0.300559118959098
-0.3929499362643852,3.0,0.0,0.0211707839691087,3.0,0.0,0.0,4.0,0.0,2.0,-0.3841952516941445,2.0,-0.7857233332769588,0.0,44.0,-0.7624001350206182,-1.0793512752029546,0.6157623354350031,3.0,0.0002013991629126
-1.482711876800505,4.0,4.0,0.5217056634437095,2.0,0.0,0.0,0.0,1.0,1.0,0.1233311453724423,2.0,-0.8197547824137138,0.0,25.0,0.9508320209342936,-0.5825690521464474,-0.9571393634771296,2.0,0.2732538717048993
0.7499711233222769,2.0,1.0,-0.9146118167877536,2.0,0.0,0.0,0.0,0.0,1.0,-1.0246452289448371,1.0,-0.7176604350034486,0.0,15.0,-0.5325234153608691,-0.7954757191705927,-1.3649286928247195,2.0,-1.010092749242438
0.4221565558439319,3.0,1.0,-1.0995920983327148,3.0,0.0,0.0,0.0,0.0,1.0,-0.8675537250908939,0.0,-0.3773459436358975,0.0,48.0,-0.4537291938422208,-0.4619219408326406,-1.5542594528789575,3.0,-1.072894817927095
-1.3675337855243297,4.0,4.0,0.4672996982834268,3.0,0.0,0.0,0.0,0.0,3.0,0.8725367791374039,0.0,-0.3773459436358975,0.0,27.0,1.171311264633105,-0.3128872739156683,1.7371829911408756,3.0,0.1640328826881046
-0.605586412466555,3.0,1.0,-1.24104760774945,0.0,0.0,0.0,0.0,1.0,5.0,-1.0246452289448371,0.0,-0.9899120280974892,0.0,22.0,-0.3481883099733098,-1.164513942012653,-1.40862040668339,1.0,-0.745231850876711
-0.0739952219611306,4.0,2.0,0.7393295240848403,1.0,1.0,0.0,0.0,0.0,2.0,1.1746358250103723,0.0,0.7456918778770207,0.0,24.0,0.4852955194849521,-0.6322472744520375,1.1254989971194906,1.0,0.7087725654093681
0.1209215478908582,3.0,0.0,-0.316146200024644,3.0,0.0,0.0,0.0,0.0,2.0,0.002491527023255,0.0,0.2352201408256942,0.0,30.0,0.5048133541730261,0.8155180613127354,0.4409954800003217,3.0,-0.1281332629318211
0.8562893614233618,3.0,0.0,0.108220328225561,3.0,0.0,0.0,0.0,2.0,2.0,-0.1062641294910135,1.0,0.2692515899624493,0.0,18.0,-0.3156585854931523,0.2690576159505372,0.5283789077176625,3.0,-0.3411141915145707
-1.1017381902716177,4.0,7.0,1.979785529739286,2.0,0.0,0.0,4.0,2.0,0.0,0.8846207409723226,2.0,0.0310314460051636,0.0,17.0,0.0045784799448292,0.3968016161650849,2.072152797390681,2.0,2.9491681026163685
