n_tokens_title,n_tokens_content,num_hrefs,num_self_hrefs,num_imgs,num_videos,average_token_length,num_keywords,kw_min_min,kw_max_min,kw_avg_min,kw_min_max,kw_max_max,kw_avg_max,kw_min_avg,kw_max_avg,kw_avg_avg,self_reference_min_shares,self_reference_max_shares,self_reference_avg_sharess,is_weekend,rate_positive_words,rate_negative_words,avg_positive_polarity,min_positive_polarity,max_positive_polarity,avg_negative_polarity,min_negative_polarity,max_negative_polarity,title_subjectivity,title_sentiment_polarity,abs_title_sentiment_polarity,weekday,data_channel,label
0.2874615414363465,-1.1402785466569274,-0.9704000483449196,-0.8478613741500867,-0.5409881848874709,1.0,0.0,-1.685060059000539,0.0,0.0,0.0,3.0,0,3.0,3.0,2.0,3.0,0.0,0.0,0.0,0.0,0.0,0.0,0.0,0.0,0.0,0.0,0.0,0.0,0.0,0.0,0.0,1.0,2.0,1.0
0.7583536834061677,0.8519488171886671,-0.4370203362467363,0.4325984148776928,-0.4214916952089933,2.0,3.0,-1.685060059000539,0.0,0.0,0.0,3.0,0,3.0,3.0,0.0,2.0,1.0,3.0,2.0,0.0,0.0,0.0,0.0,0.0,0.0,0.0,0.0,0.0,0.0,0.0,0.0,4.0,5.0,0.0
-0.1834306005334745,-0.8837508279478373,-0.703710192295828,-0.0795855007334189,-0.4214916952089933,1.0,4.0,-0.1117707738318157,0.0,1.0,0.0,3.0,0,3.0,3.0,3.0,3.0,3.0,3.0,3.0,0.0,0.0,0.0,0.0,0.0,0.0,0.0,0.0,0.0,1.0,2.0,1.0,3.0,2.0,0.0
1.2292458253759888,-0.7037676704664596,1.340912037413875,-0.0795855007334189,2.2074310777175143,1.0,5.0,-0.6362005355547234,0.0,1.0,0.0,3.0,0,3.0,3.0,3.0,3.0,1.0,3.0,3.0,0.0,0.0,0.0,0.0,0.0,1.0,0.0,0.0,0.0,1.0,0.0,0.0,4.0,2.0,0.0
0.2874615414363465,-0.281738197751505,-0.6148135736127974,0.1765064570721369,8.660241520355306,2.0,6.0,1.4615185113369076,0.0,2.0,3.0,1.0,0,1.0,1.0,3.0,3.0,0.0,0.0,0.0,0.0,0.0,0.0,0.0,0.0,1.0,0.0,1.0,0.0,0.0,0.0,0.0,0.0,2.0,1.0
-0.1834306005334745,-0.4575838113827361,-0.2592270988806752,-0.3356774585389748,-0.4214916952089933,0.0,5.0,-0.1117707738318157,0.0,2.0,0.0,3.0,0,2.0,2.0,0.0,1.0,1.0,0.0,1.0,0.0,0.0,0.0,0.0,0.0,0.0,0.0,0.0,0.0,0.0,0.0,0.0,1.0,1.0,0.0
0.2874615414363465,1.3650042546068473,0.0074627571684165,0.1765064570721369,-0.4214916952089933,0.0,4.0,0.9370887496139998,1.0,2.0,2.0,2.0,0,1.0,2.0,3.0,2.0,2.0,1.0,1.0,0.0,0.0,0.0,0.0,0.0,1.0,0.0,0.0,0.0,0.0,0.0,0.0,0.0,4.0,1.0
-0.6543227425032957,-0.3913831097803903,-0.5259169549297669,0.1765064570721369,-0.4214916952089933,0.0,4.0,0.9370887496139998,2.0,1.0,3.0,0.0,0,0.0,0.0,0.0,0.0,3.0,2.0,2.0,0.0,0.0,0.0,0.0,0.0,1.0,0.0,0.0,0.0,1.0,0.0,0.0,4.0,4.0,1.0
-0.6543227425032957,-0.7389367931927059,-0.703710192295828,-0.5917694163445307,-0.4214916952089933,0.0,4.0,-0.6362005355547234,0.0,0.0,0.0,0.0,0,3.0,0.0,2.0,2.0,3.0,2.0,3.0,0.0,0.0,0.0,0.0,0.0,0.0,0.0,0.0,0.0,0.0,0.0,0.0,0.0,3.0,0.0
-0.1834306005334745,-0.052104514068368,0.5408424692666,-0.5917694163445307,-0.4214916952089933,0.0,4.0,0.9370887496139998,0.0,1.0,0.0,0.0,0,1.0,0.0,1.0,0.0,2.0,1.0,1.0,0.0,0.0,0.0,0.0,0.0,0.0,0.0,0.0,0.0,0.0,0.0,0.0,4.0,1.0,0.0
-0.6543227425032957,3.986138283674727,-0.7926068109788585,-0.3356774585389748,-0.4214916952089933,73.0,4.0,1.4615185113369076,2.0,2.0,3.0,3.0,0,0.0,2.0,1.0,1.0,2.0,3.0,3.0,1.0,0.0,0.0,0.0,0.0,1.0,0.0,1.0,0.0,0.0,0.0,0.0,6.0,3.0,1.0
1.2292458253759888,-0.2465690750252588,-0.3481237175637057,-0.0795855007334189,-0.3019952055305157,0.0,5.0,-0.1117707738318157,0.0,3.0,2.0,2.0,0,2.0,2.0,2.0,1.0,0.0,2.0,1.0,0.0,0.0,0.0,0.0,0.0,0.0,0.0,0.0,0.0,0.0,0.0,0.0,4.0,3.0,0.0
1.70013796734581,0.1692540819144758,-0.4370203362467363,-0.5917694163445307,-0.4214916952089933,2.0,4.0,-1.1606302972776312,0.0,0.0,0.0,3.0,0,2.0,3.0,0.0,1.0,1.0,1.0,1.0,0.0,0.0,0.0,0.0,0.0,0.0,0.0,0.0,0.0,0.0,0.0,0.0,3.0,1.0,0.0
-0.1834306005334745,-0.860994336772031,-0.7926068109788585,-0.5917694163445307,-0.4214916952089933,0.0,4.0,0.412658987891092,0.0,1.0,1.0,0.0,0,0.0,0.0,0.0,1.0,3.0,2.0,3.0,0.0,0.0,0.0,0.0,0.0,1.0,0.0,0.0,0.0,0.0,0.0,0.0,1.0,4.0,1.0
-0.6543227425032957,-0.5692974953366947,-0.4370203362467363,-0.0795855007334189,-0.4214916952089933,0.0,4.0,-0.6362005355547234,1.0,2.0,2.0,0.0,0,0.0,0.0,0.0,1.0,1.0,3.0,2.0,0.0,0.0,0.0,0.0,0.0,0.0,0.0,0.0,0.0,0.0,0.0,0.0,4.0,2.0,0.0
-1.125214884473117,-0.6003290742127944,-0.7926068109788585,-0.3356774585389748,-0.4214916952089933,0.0,4.0,-0.6362005355547234,1.0,2.0,3.0,2.0,0,0.0,2.0,0.0,1.0,3.0,1.0,2.0,0.0,0.0,0.0,0.0,0.0,0.0,0.0,0.0,0.0,0.0,0.0,0.0,3.0,5.0,0.0
-0.1834306005334745,3.125529162844231,2.229878224244181,7.090989317822146,3.5218924641807683,1.0,4.0,1.4615185113369076,0.0,3.0,2.0,0.0,0,0.0,0.0,1.0,1.0,0.0,3.0,2.0,0.0,0.0,0.0,0.0,0.0,1.0,0.0,0.0,0.0,0.0,0.0,0.0,4.0,4.0,1.0
0.2874615414363465,-1.1402785466569274,-0.9704000483449196,-0.8478613741500867,-0.5409881848874709,1.0,0.0,0.9370887496139998,0.0,2.0,1.0,1.0,0,3.0,1.0,3.0,3.0,0.0,0.0,0.0,0.0,0.0,0.0,0.0,0.0,0.0,0.0,0.0,0.0,0.0,0.0,0.0,2.0,5.0,0.0
0.7583536834061677,-0.67894240736558,-0.4370203362467363,-0.5917694163445307,-0.3019952055305157,0.0,4.0,0.9370887496139998,0.0,3.0,2.0,2.0,0,1.0,3.0,1.0,2.0,3.0,3.0,3.0,1.0,0.0,0.0,0.0,0.0,0.0,0.0,0.0,0.0,0.0,0.0,0.0,5.0,1.0,1.0
-0.6543227425032957,-0.3272511801031178,-0.2592270988806752,0.4325984148776928,-0.4214916952089933,0.0,5.0,-1.1606302972776312,1.0,0.0,0.0,3.0,0,3.0,3.0,1.0,2.0,1.0,0.0,1.0,0.0,0.0,0.0,0.0,0.0,0.0,0.0,0.0,0.0,0.0,0.0,0.0,2.0,1.0,1.0
-1.5961070264429378,-1.069940301204435,-0.8815034296618891,-0.5917694163445307,-0.5409881848874709,2.0,4.0,-1.685060059000539,0.0,2.0,2.0,2.0,0,3.0,2.0,2.0,2.0,3.0,2.0,2.0,0.0,1.0,0.0,0.0,0.0,0.0,0.0,0.0,0.0,1.0,0.0,0.0,0.0,0.0,0.0
-2.066999168412759,2.076661796832065,4.274500453953883,-0.3356774585389748,1.3709556499681712,0.0,4.0,0.9370887496139998,1.0,3.0,2.0,2.0,0,0.0,2.0,1.0,2.0,3.0,2.0,2.0,0.0,0.0,0.0,0.0,0.0,1.0,0.0,1.0,0.0,0.0,0.0,0.0,1.0,4.0,1.0
-0.1834306005334745,0.6719656597072894,-0.3481237175637057,-0.0795855007334189,-0.4214916952089933,0.0,4.0,0.412658987891092,1.0,3.0,3.0,0.0,0,1.0,0.0,2.0,1.0,2.0,3.0,3.0,0.0,0.0,0.0,0.0,0.0,0.0,0.0,0.0,0.0,0.0,0.0,0.0,3.0,1.0,0.0
-0.6543227425032957,-0.5755038111119146,-0.5259169549297669,-0.5917694163445307,-0.4214916952089933,0.0,4.0,-1.1606302972776312,1.0,3.0,3.0,2.0,0,2.0,3.0,1.0,2.0,0.0,0.0,0.0,0.0,0.0,0.0,0.0,0.0,0.0,0.0,0.0,0.0,0.0,0.0,0.0,4.0,3.0,1.0
-0.1834306005334745,-0.1700245137975465,-0.3481237175637057,-0.0795855007334189,-0.4214916952089933,0.0,4.0,-0.1117707738318157,0.0,1.0,0.0,3.0,0,3.0,3.0,3.0,3.0,3.0,3.0,3.0,0.0,0.0,0.0,0.0,0.0,1.0,0.0,0.0,0.0,0.0,0.0,0.0,2.0,4.0,0.0
-0.1834306005334745,3.125529162844231,2.229878224244181,7.090989317822146,3.5218924641807683,1.0,4.0,1.4615185113369076,0.0,3.0,2.0,0.0,0,0.0,0.0,1.0,1.0,0.0,3.0,2.0,0.0,0.0,0.0,0.0,0.0,1.0,0.0,0.0,0.0,0.0,0.0,0.0,4.0,4.0,1.0
0.7583536834061677,0.7319600455344153,-0.5259169549297669,-0.0795855007334189,-0.4214916952089933,0.0,4.0,-0.6362005355547234,1.0,2.0,2.0,1.0,0,2.0,1.0,0.0,0.0,1.0,0.0,1.0,0.0,0.0,0.0,0.0,0.0,1.0,0.0,0.0,0.0,0.0,0.0,0.0,4.0,3.0,1.0
-1.5961070264429378,-0.6872174950658732,-0.3481237175637057,0.4325984148776928,-0.182498715852038,1.0,4.0,0.9370887496139998,0.0,1.0,1.0,2.0,0,3.0,2.0,3.0,3.0,2.0,2.0,2.0,0.0,0.0,0.0,0.0,0.0,0.0,0.0,0.0,0.0,0.0,0.0,0.0,1.0,3.0,0.0
0.7583536834061677,-0.2569129346506253,-0.6148135736127974,-0.0795855007334189,1.0124661809327382,0.0,4.0,-0.6362005355547234,1.0,2.0,2.0,3.0,0,1.0,3.0,0.0,1.0,1.0,1.0,1.0,0.0,0.0,0.0,0.0,0.0,1.0,0.0,0.0,0.0,0.0,0.0,0.0,2.0,4.0,1.0
-2.53789131038258,0.2064919765657953,-0.2592270988806752,0.4325984148776928,0.8929696912542606,0.0,4.0,-0.6362005355547234,2.0,0.0,2.0,0.0,0,0.0,0.0,0.0,0.0,1.0,1.0,1.0,0.0,0.0,0.0,0.0,0.0,1.0,0.0,0.0,0.0,0.0,0.0,0.0,4.0,5.0,1.0
2.171030109315631,1.4332737281342662,1.518705274779936,0.4325984148776928,0.1759907531833948,8.0,4.0,-0.6362005355547234,0.0,2.0,1.0,2.0,0,1.0,3.0,1.0,2.0,3.0,2.0,3.0,0.0,0.0,0.0,0.0,0.0,1.0,0.0,0.0,0.0,0.0,0.0,0.0,4.0,5.0,1.0
0.2874615414363465,0.6616218000819228,-0.6148135736127974,-0.3356774585389748,-0.5409881848874709,16.0,4.0,-0.1117707738318157,1.0,2.0,3.0,2.0,0,3.0,2.0,2.0,3.0,2.0,2.0,2.0,1.0,0.0,0.0,0.0,0.0,1.0,0.0,0.0,0.0,0.0,0.0,0.0,6.0,2.0,1.0
1.2292458253759888,-0.6086041619130875,-0.5259169549297669,0.4325984148776928,1.8489416086820816,1.0,4.0,-0.1117707738318157,0.0,1.0,1.0,3.0,0,3.0,3.0,3.0,3.0,3.0,2.0,2.0,1.0,0.0,0.0,0.0,0.0,1.0,0.0,0.0,0.0,0.0,0.0,0.0,5.0,2.0,1.0
-0.6543227425032957,-0.3417325835786309,0.2741526132175082,1.4569662460999164,-0.4214916952089933,0.0,4.0,-1.1606302972776312,2.0,0.0,1.0,0.0,0,0.0,0.0,0.0,0.0,0.0,3.0,2.0,0.0,0.0,0.0,0.0,0.0,0.0,0.0,0.0,0.0,0.0,0.0,0.0,3.0,4.0,0.0
-1.125214884473117,-0.5093031095095688,-0.6148135736127974,-0.0795855007334189,-0.5409881848874709,1.0,4.0,-0.1117707738318157,0.0,2.0,1.0,3.0,0,1.0,2.0,2.0,1.0,2.0,1.0,1.0,0.0,0.0,0.0,0.0,0.0,0.0,0.0,0.0,0.0,0.0,0.0,0.0,0.0,1.0,0.0
0.7583536834061677,-0.5134406533597154,-0.4370203362467363,-0.0795855007334189,-0.3019952055305157,0.0,4.0,-2.2094898207234466,0.0,0.0,0.0,3.0,0,3.0,3.0,0.0,2.0,1.0,2.0,2.0,0.0,0.0,0.0,0.0,0.0,0.0,0.0,1.0,0.0,0.0,0.0,0.0,0.0,4.0,0.0
-0.1834306005334745,-0.9271950383743768,-0.5259169549297669,-0.0795855007334189,-0.5409881848874709,1.0,4.0,-1.1606302972776312,1.0,1.0,0.0,3.0,0,3.0,3.0,3.0,3.0,3.0,3.0,3.0,0.0,0.0,0.0,0.0,0.0,0.0,0.0,1.0,0.0,0.0,0.0,0.0,1.0,2.0,0.0
-0.1834306005334745,0.6574842562317762,-0.1703304801976446,-0.8478613741500867,-0.4214916952089933,0.0,4.0,-0.6362005355547234,0.0,2.0,1.0,3.0,0,2.0,2.0,1.0,1.0,0.0,0.0,0.0,0.0,0.0,0.0,0.0,0.0,0.0,0.0,0.0,0.0,0.0,0.0,0.0,1.0,3.0,1.0
0.2874615414363465,-0.6975613546912397,-0.7926068109788585,-0.3356774585389748,0.7734732015757829,0.0,4.0,0.9370887496139998,0.0,1.0,2.0,2.0,0,2.0,2.0,3.0,3.0,1.0,0.0,0.0,0.0,0.0,0.0,0.0,0.0,0.0,0.0,0.0,0.0,0.0,0.0,0.0,1.0,2.0,0.0
-1.125214884473117,-0.8278939859708581,-0.703710192295828,-0.3356774585389748,-0.5409881848874709,0.0,5.0,-0.1117707738318157,1.0,2.0,2.0,2.0,0,2.0,2.0,2.0,2.0,2.0,1.0,1.0,1.0,0.0,0.0,0.0,0.0,0.0,0.0,0.0,0.0,0.0,0.0,0.0,6.0,2.0,0.0
0.2874615414363465,-0.4327585482818564,-0.3481237175637057,-0.0795855007334189,1.4904521396466488,0.0,4.0,-0.1117707738318157,0.0,1.0,0.0,2.0,0,3.0,2.0,3.0,3.0,3.0,3.0,3.0,0.0,0.0,0.0,0.0,0.0,1.0,0.0,0.0,0.0,0.0,0.0,0.0,2.0,2.0,1.0
0.7583536834061677,0.4650884671999587,1.963188368195089,-0.8478613741500867,-0.4214916952089933,3.0,4.0,-0.1117707738318157,0.0,0.0,0.0,0.0,0,0.0,0.0,0.0,0.0,0.0,0.0,0.0,0.0,0.0,0.0,0.0,0.0,0.0,0.0,1.0,0.0,0.0,0.0,0.0,2.0,1.0,1.0
1.2292458253759888,1.8242716219731208,-0.8815034296618891,-0.5917694163445307,-0.182498715852038,0.0,4.0,0.9370887496139998,0.0,2.0,2.0,2.0,0,1.0,1.0,2.0,1.0,1.0,1.0,1.0,1.0,0.0,0.0,0.0,0.0,1.0,0.0,1.0,0.0,0.0,0.0,0.0,6.0,5.0,1.0
0.2874615414363465,-0.3851767940051704,-0.1703304801976446,-0.0795855007334189,-0.5409881848874709,1.0,5.0,-1.1606302972776312,1.0,0.0,0.0,3.0,0,3.0,3.0,0.0,2.0,2.0,2.0,2.0,1.0,0.0,0.0,0.0,0.0,0.0,0.0,0.0,0.0,0.0,0.0,0.0,6.0,4.0,1.0
0.2874615414363465,-0.3500076712789242,0.3630492319005388,0.1765064570721369,-0.4214916952089933,1.0,4.0,0.9370887496139998,2.0,2.0,3.0,2.0,0,0.0,2.0,2.0,3.0,2.0,3.0,3.0,0.0,0.0,0.0,0.0,0.0,1.0,0.0,0.0,0.0,0.0,0.0,0.0,4.0,0.0,1.0
-0.1834306005334745,-0.6541171442647002,-0.6148135736127974,-0.5917694163445307,-0.5409881848874709,0.0,5.0,-1.685060059000539,0.0,0.0,0.0,0.0,0,2.0,0.0,1.0,1.0,0.0,0.0,0.0,0.0,0.0,0.0,0.0,0.0,0.0,0.0,1.0,0.0,0.0,0.0,0.0,2.0,2.0,1.0
-0.1834306005334745,-0.6189480215384541,2.6743613176593333,-0.0795855007334189,1.8489416086820816,0.0,4.0,1.4615185113369076,0.0,2.0,2.0,0.0,0,1.0,0.0,3.0,3.0,2.0,1.0,1.0,0.0,0.0,0.0,0.0,0.0,1.0,0.0,0.0,0.0,0.0,0.0,0.0,2.0,2.0,1.0
-2.066999168412759,-0.7451431089679258,0.0074627571684165,1.2008742882943606,-0.4214916952089933,0.0,5.0,-0.6362005355547234,0.0,3.0,2.0,1.0,0,3.0,2.0,0.0,1.0,0.0,3.0,2.0,0.0,0.0,0.0,0.0,0.0,0.0,0.0,0.0,0.0,0.0,0.0,0.0,4.0,1.0,0.0
-1.125214884473117,-0.1886434611232062,-0.6148135736127974,0.1765064570721369,-0.4214916952089933,0.0,4.0,-0.6362005355547234,0.0,3.0,3.0,2.0,0,1.0,2.0,0.0,0.0,1.0,3.0,3.0,1.0,0.0,0.0,0.0,0.0,0.0,0.0,0.0,0.0,0.0,0.0,0.0,6.0,1.0,0.0
-1.125214884473117,-0.5196469691349354,-0.4370203362467363,0.1765064570721369,-0.182498715852038,1.0,4.0,-1.685060059000539,0.0,0.0,0.0,3.0,0,3.0,2.0,0.0,1.0,1.0,1.0,1.0,0.0,0.0,0.0,0.0,0.0,0.0,0.0,0.0,0.0,0.0,0.0,0.0,2.0,3.0,0.0
-0.1834306005334745,-0.92926381029945,-0.6148135736127974,-0.3356774585389748,-0.5409881848874709,0.0,4.0,1.4615185113369076,1.0,3.0,3.0,2.0,0,0.0,2.0,3.0,3.0,2.0,1.0,1.0,1.0,1.0,0.0,0.0,0.0,0.0,0.0,0.0,0.0,0.0,0.0,0.0,6.0,2.0,1.0
1.70013796734581,-0.6892862669909465,-0.6148135736127974,-0.0795855007334189,-0.5409881848874709,1.0,4.0,-0.1117707738318157,0.0,2.0,1.0,3.0,0,3.0,3.0,0.0,2.0,3.0,3.0,3.0,0.0,0.0,0.0,0.0,0.0,0.0,0.0,0.0,0.0,0.0,0.0,0.0,4.0,4.0,1.0
-0.6543227425032957,-0.956157845325403,-0.6148135736127974,-0.3356774585389748,-0.4214916952089933,3.0,4.0,-0.1117707738318157,0.0,1.0,1.0,0.0,0,1.0,0.0,2.0,2.0,3.0,2.0,2.0,0.0,1.0,0.0,0.0,0.0,0.0,0.0,0.0,0.0,0.0,0.0,0.0,4.0,0.0,0.0
-0.1834306005334745,0.7423039051597818,-0.2592270988806752,1.2008742882943606,1.8489416086820816,0.0,4.0,-0.1117707738318157,1.0,2.0,2.0,2.0,0,1.0,2.0,0.0,1.0,0.0,3.0,2.0,0.0,0.0,0.0,0.0,0.0,1.0,0.0,0.0,0.0,0.0,0.0,0.0,2.0,4.0,0.0
-1.125214884473117,-0.5486097760859616,-0.4370203362467363,-0.5917694163445307,-0.4214916952089933,0.0,4.0,-1.1606302972776312,0.0,0.0,0.0,3.0,0,3.0,3.0,2.0,2.0,3.0,3.0,3.0,0.0,0.0,1.0,0.0,0.0,0.0,0.0,1.0,0.0,0.0,0.0,0.0,0.0,1.0,0.0
-0.1834306005334745,-0.1327866191462269,0.7186357066326611,-0.0795855007334189,-0.4214916952089933,1.0,5.0,-0.6362005355547234,0.0,1.0,1.0,2.0,0,1.0,3.0,1.0,1.0,2.0,1.0,1.0,0.0,0.0,0.0,0.0,0.0,0.0,0.0,0.0,0.0,0.0,0.0,0.0,1.0,1.0,1.0
0.2874615414363465,-0.8672006525472509,-0.703710192295828,-0.0795855007334189,0.4149837325403501,1.0,4.0,-0.6362005355547234,2.0,1.0,3.0,3.0,0,1.0,3.0,2.0,3.0,2.0,3.0,3.0,1.0,0.0,0.0,1.0,1.0,1.0,0.0,0.0,0.0,0.0,0.0,0.0,6.0,2.0,1.0
-0.1834306005334745,-0.1327866191462269,0.7186357066326611,-0.0795855007334189,-0.4214916952089933,1.0,5.0,-0.6362005355547234,0.0,1.0,1.0,2.0,0,1.0,3.0,1.0,1.0,2.0,1.0,1.0,0.0,0.0,0.0,0.0,0.0,0.0,0.0,0.0,0.0,0.0,0.0,0.0,1.0,1.0,1.0
0.2874615414363465,-0.8672006525472509,-0.703710192295828,-0.0795855007334189,0.4149837325403501,1.0,4.0,-0.6362005355547234,2.0,1.0,3.0,3.0,0,1.0,3.0,2.0,3.0,2.0,3.0,3.0,1.0,0.0,0.0,1.0,1.0,1.0,0.0,0.0,0.0,0.0,0.0,0.0,6.0,2.0,1.0
0.7583536834061677,-0.469996442933176,-0.703710192295828,-0.3356774585389748,-0.4214916952089933,0.0,4.0,-0.6362005355547234,0.0,2.0,3.0,0.0,0,3.0,0.0,0.0,0.0,3.0,2.0,3.0,0.0,0.0,0.0,0.0,0.0,0.0,0.0,0.0,0.0,0.0,0.0,0.0,4.0,4.0,0.0
0.7583536834061677,0.926424606491306,0.8964289439987222,4.273977781961031,1.8489416086820816,0.0,4.0,-0.1117707738318157,2.0,0.0,2.0,0.0,0,0.0,0.0,0.0,0.0,0.0,3.0,2.0,0.0,0.0,0.0,0.0,0.0,1.0,0.0,0.0,0.0,0.0,0.0,0.0,2.0,4.0,0.0
-0.1834306005334745,2.771769163656696,0.6297390879496305,-0.3356774585389748,1.0124661809327382,2.0,4.0,1.4615185113369076,0.0,2.0,2.0,0.0,0,1.0,0.0,2.0,0.0,2.0,2.0,2.0,0.0,0.0,0.0,0.0,0.0,1.0,0.0,1.0,0.0,1.0,2.0,1.0,2.0,1.0,0.0
-0.6543227425032957,-0.8465129332965178,-0.4370203362467363,0.6886903726832487,-0.5409881848874709,2.0,4.0,0.412658987891092,0.0,0.0,0.0,3.0,0,3.0,3.0,3.0,3.0,1.0,3.0,2.0,0.0,0.0,0.0,0.0,0.0,0.0,1.0,1.0,1.0,0.0,0.0,0.0,0.0,2.0,0.0
2.171030109315631,-0.3706953905296573,-0.6148135736127974,-0.8478613741500867,-0.5409881848874709,1.0,4.0,0.412658987891092,1.0,0.0,2.0,0.0,0,3.0,0.0,3.0,1.0,0.0,0.0,0.0,0.0,0.0,0.0,0.0,0.0,0.0,0.0,0.0,0.0,0.0,0.0,0.0,3.0,0.0,1.0
0.2874615414363465,-0.281738197751505,-0.6148135736127974,0.1765064570721369,8.660241520355306,2.0,6.0,1.4615185113369076,0.0,2.0,3.0,1.0,0,1.0,1.0,3.0,3.0,0.0,0.0,0.0,0.0,0.0,0.0,0.0,0.0,1.0,0.0,1.0,0.0,0.0,0.0,0.0,0.0,2.0,1.0
-0.1834306005334745,2.771769163656696,0.6297390879496305,-0.3356774585389748,1.0124661809327382,2.0,4.0,1.4615185113369076,0.0,2.0,2.0,0.0,0,1.0,0.0,2.0,0.0,2.0,2.0,2.0,0.0,0.0,0.0,0.0,0.0,1.0,0.0,1.0,0.0,1.0,2.0,1.0,2.0,1.0,0.0
-0.6543227425032957,-0.8465129332965178,-0.4370203362467363,0.6886903726832487,-0.5409881848874709,2.0,4.0,0.412658987891092,0.0,0.0,0.0,3.0,0,3.0,3.0,3.0,3.0,1.0,3.0,2.0,0.0,0.0,0.0,0.0,0.0,0.0,1.0,1.0,1.0,0.0,0.0,0.0,0.0,2.0,0.0
-1.125214884473117,0.0120274156089045,0.0074627571684165,0.9447823304888048,-0.4214916952089933,0.0,4.0,1.4615185113369076,1.0,0.0,1.0,2.0,0,0.0,1.0,2.0,2.0,3.0,3.0,3.0,1.0,0.0,0.0,0.0,0.0,0.0,0.0,0.0,0.0,0.0,0.0,0.0,6.0,2.0,1.0
-1.125214884473117,0.527151624952158,-0.3481237175637057,-0.3356774585389748,-0.4214916952089933,0.0,4.0,0.412658987891092,1.0,1.0,1.0,3.0,0,1.0,3.0,2.0,2.0,2.0,3.0,3.0,0.0,0.0,0.0,0.0,0.0,1.0,0.0,0.0,0.0,1.0,0.0,0.0,1.0,2.0,1.0
0.2874615414363465,-0.5630911795614748,-0.4370203362467363,-0.3356774585389748,0.6539767118973053,0.0,4.0,1.4615185113369076,0.0,1.0,1.0,1.0,0,3.0,1.0,3.0,3.0,1.0,0.0,0.0,0.0,0.0,0.0,0.0,0.0,1.0,0.0,0.0,0.0,1.0,0.0,0.0,3.0,2.0,0.0
1.70013796734581,-0.8651318806221776,-0.7926068109788585,-0.3356774585389748,-0.5409881848874709,2.0,4.0,-0.1117707738318157,0.0,1.0,1.0,3.0,0,3.0,3.0,3.0,3.0,3.0,2.0,3.0,1.0,0.0,0.0,0.0,0.0,1.0,0.0,0.0,0.0,0.0,1.0,1.0,5.0,2.0,1.0
0.2874615414363465,-0.5961915303626477,-0.4370203362467363,0.1765064570721369,-0.4214916952089933,0.0,4.0,-0.1117707738318157,0.0,2.0,1.0,2.0,0,3.0,3.0,2.0,2.0,3.0,3.0,3.0,0.0,0.0,0.0,0.0,0.0,0.0,0.0,1.0,0.0,1.0,2.0,1.0,2.0,4.0,1.0
0.2874615414363465,-0.5630911795614748,-0.4370203362467363,-0.3356774585389748,0.6539767118973053,0.0,4.0,1.4615185113369076,0.0,1.0,1.0,1.0,0,3.0,1.0,3.0,3.0,1.0,0.0,0.0,0.0,0.0,0.0,0.0,0.0,1.0,0.0,0.0,0.0,1.0,0.0,0.0,3.0,2.0,0.0
-0.1834306005334745,-0.4472399517573696,-0.2592270988806752,-0.8478613741500867,-0.4214916952089933,0.0,4.0,0.412658987891092,2.0,2.0,3.0,0.0,0,0.0,0.0,0.0,0.0,0.0,0.0,0.0,1.0,0.0,0.0,0.0,0.0,1.0,0.0,0.0,0.0,0.0,1.0,1.0,5.0,3.0,0.0
1.70013796734581,1.0381382904452647,-0.7926068109788585,-0.3356774585389748,3.641388953859246,0.0,4.0,0.412658987891092,0.0,1.0,1.0,0.0,0,2.0,0.0,2.0,1.0,2.0,1.0,1.0,0.0,0.0,0.0,0.0,0.0,0.0,0.0,0.0,0.0,0.0,0.0,0.0,0.0,1.0,0.0
0.7583536834061677,-0.3479388993538508,-0.1703304801976446,0.1765064570721369,-0.4214916952089933,0.0,4.0,-0.6362005355547234,0.0,0.0,1.0,2.0,0,2.0,1.0,1.0,0.0,1.0,0.0,1.0,0.0,0.0,0.0,0.0,0.0,0.0,0.0,0.0,0.0,0.0,0.0,0.0,1.0,1.0,0.0
-1.125214884473117,1.0588260096959978,2.14098160556115,0.6886903726832487,1.9684380983605592,0.0,4.0,0.9370887496139998,1.0,0.0,2.0,3.0,0,1.0,3.0,3.0,2.0,1.0,3.0,3.0,0.0,0.0,0.0,0.0,0.0,1.0,0.0,0.0,0.0,0.0,0.0,0.0,2.0,1.0,0.0
1.2292458253759888,-0.308632232777458,-0.081433861514614,-0.5917694163445307,-0.4214916952089933,0.0,4.0,-0.6362005355547234,0.0,1.0,1.0,2.0,0,2.0,2.0,2.0,3.0,0.0,0.0,0.0,0.0,0.0,0.0,0.0,0.0,0.0,0.0,0.0,0.0,0.0,0.0,0.0,3.0,1.0,0.0
-0.6543227425032957,0.2809677658684344,-0.6148135736127974,-0.5917694163445307,-0.0630022261735604,0.0,4.0,-1.1606302972776312,0.0,0.0,0.0,0.0,0,1.0,0.0,0.0,0.0,3.0,3.0,3.0,0.0,0.0,0.0,0.0,0.0,0.0,0.0,0.0,0.0,0.0,0.0,0.0,4.0,1.0,0.0
-1.125214884473117,-0.1451992506966668,2.318774842927211,1.9691501617110283,0.8929696912542606,0.0,4.0,1.4615185113369076,1.0,2.0,3.0,1.0,0,2.0,1.0,2.0,1.0,2.0,1.0,1.0,1.0,0.0,0.0,0.0,0.0,1.0,0.0,0.0,0.0,0.0,0.0,0.0,5.0,3.0,1.0
0.2874615414363465,0.3078618008943873,0.7186357066326611,-0.5917694163445307,-0.5409881848874709,0.0,5.0,-0.6362005355547234,1.0,1.0,2.0,1.0,0,2.0,1.0,0.0,0.0,0.0,0.0,0.0,1.0,0.0,0.0,0.0,0.0,1.0,0.0,0.0,0.0,0.0,0.0,0.0,6.0,3.0,1.0
-1.125214884473117,-0.7513494247431457,0.2741526132175082,0.4325984148776928,-0.182498715852038,0.0,4.0,-0.1117707738318157,1.0,2.0,2.0,1.0,0,2.0,1.0,1.0,1.0,1.0,1.0,1.0,0.0,0.0,0.0,0.0,0.0,0.0,0.0,0.0,0.0,0.0,0.0,0.0,4.0,0.0,1.0
0.2874615414363465,-0.3003571450771648,0.096359375851447,1.9691501617110283,-0.4214916952089933,0.0,5.0,-0.6362005355547234,0.0,0.0,1.0,2.0,0,2.0,1.0,1.0,0.0,0.0,2.0,1.0,0.0,0.0,0.0,0.0,0.0,0.0,0.0,0.0,0.0,0.0,0.0,0.0,1.0,1.0,0.0
-0.1834306005334745,-0.9127136348988636,-0.7926068109788585,-0.3356774585389748,-0.5409881848874709,5.0,4.0,0.9370887496139998,0.0,2.0,2.0,0.0,0,3.0,0.0,3.0,3.0,1.0,0.0,1.0,0.0,1.0,0.0,0.0,0.0,0.0,0.0,0.0,0.0,0.0,0.0,0.0,0.0,2.0,1.0
-1.5961070264429378,0.9719375888429188,0.096359375851447,-0.8478613741500867,-0.4214916952089933,0.0,4.0,0.412658987891092,0.0,3.0,3.0,2.0,0,2.0,3.0,2.0,3.0,0.0,0.0,0.0,0.0,0.0,0.0,0.0,0.0,0.0,0.0,0.0,0.0,0.0,0.0,0.0,3.0,3.0,1.0
1.2292458253759888,-0.1327866191462269,-0.3481237175637057,-0.3356774585389748,-0.5409881848874709,1.0,4.0,-1.1606302972776312,1.0,1.0,1.0,0.0,0,1.0,0.0,0.0,0.0,1.0,0.0,0.0,0.0,0.0,0.0,0.0,0.0,0.0,0.0,0.0,0.0,0.0,0.0,0.0,4.0,4.0,1.0
-0.6543227425032957,1.3650042546068473,1.340912037413875,1.7130582039054725,-0.4214916952089933,11.0,4.0,0.412658987891092,2.0,1.0,2.0,0.0,0,0.0,0.0,0.0,0.0,2.0,3.0,2.0,0.0,0.0,0.0,0.0,0.0,1.0,0.0,0.0,0.0,0.0,0.0,0.0,0.0,5.0,1.0
-0.6543227425032957,0.1402912749634495,0.096359375851447,-0.0795855007334189,-0.3019952055305157,0.0,5.0,0.412658987891092,0.0,3.0,3.0,0.0,0,0.0,0.0,0.0,0.0,2.0,3.0,3.0,0.0,0.0,0.0,0.0,0.0,0.0,0.0,1.0,0.0,0.0,0.0,0.0,2.0,1.0,0.0
1.70013796734581,-0.2486378469503321,-0.4370203362467363,0.1765064570721369,-0.0630022261735604,2.0,4.0,-0.1117707738318157,0.0,1.0,0.0,0.0,0,1.0,0.0,0.0,1.0,2.0,2.0,2.0,1.0,0.0,0.0,0.0,0.0,0.0,0.0,1.0,0.0,0.0,0.0,0.0,5.0,5.0,1.0
-0.6543227425032957,-0.7658308282186589,0.3630492319005388,-0.5917694163445307,0.8929696912542606,0.0,4.0,-0.1117707738318157,0.0,2.0,1.0,3.0,0,3.0,3.0,3.0,3.0,3.0,3.0,3.0,1.0,0.0,0.0,0.0,0.0,0.0,0.0,0.0,0.0,0.0,0.0,0.0,6.0,2.0,1.0
-0.1834306005334745,-0.6892862669909465,-0.5259169549297669,0.1765064570721369,-0.5409881848874709,1.0,4.0,0.412658987891092,0.0,1.0,1.0,0.0,0,2.0,0.0,2.0,1.0,3.0,3.0,3.0,0.0,0.0,0.0,0.0,0.0,0.0,0.0,0.0,0.0,0.0,0.0,0.0,4.0,4.0,1.0
-0.1834306005334745,-0.3396638116535576,-0.4370203362467363,-0.3356774585389748,-0.4214916952089933,0.0,4.0,-0.6362005355547234,1.0,2.0,1.0,3.0,0,1.0,3.0,3.0,3.0,2.0,1.0,1.0,0.0,0.0,0.0,0.0,0.0,0.0,0.0,0.0,0.0,0.0,0.0,0.0,3.0,5.0,0.0
0.2874615414363465,-0.7182490739419728,-0.5259169549297669,-0.3356774585389748,-0.4214916952089933,0.0,4.0,-1.1606302972776312,0.0,2.0,2.0,2.0,0,2.0,2.0,1.0,0.0,2.0,2.0,2.0,0.0,0.0,0.0,0.0,0.0,0.0,0.0,0.0,0.0,0.0,0.0,0.0,4.0,3.0,0.0
1.70013796734581,-0.5299908287603019,0.0074627571684165,-0.5917694163445307,0.6539767118973053,0.0,4.0,0.412658987891092,1.0,3.0,2.0,0.0,0,2.0,0.0,2.0,1.0,2.0,1.0,2.0,0.0,0.0,0.0,0.0,0.0,0.0,0.0,0.0,0.0,0.0,0.0,0.0,0.0,1.0,0.0
0.2874615414363465,-0.15347433839696,0.4519458505835693,0.6886903726832487,-0.4214916952089933,2.0,4.0,1.4615185113369076,0.0,2.0,2.0,0.0,0,2.0,0.0,3.0,3.0,3.0,3.0,3.0,0.0,0.0,0.0,0.0,0.0,0.0,0.0,0.0,0.0,0.0,0.0,0.0,3.0,1.0,1.0
0.2874615414363465,0.7795417998111014,-0.4370203362467363,0.6886903726832487,1.729445119003604,0.0,4.0,-0.6362005355547234,0.0,0.0,0.0,0.0,0,3.0,0.0,1.0,0.0,2.0,2.0,2.0,0.0,0.0,0.0,0.0,0.0,0.0,0.0,0.0,0.0,0.0,0.0,0.0,3.0,4.0,0.0
1.2292458253759888,-0.4534462675325895,-0.4370203362467363,0.4325984148776928,-0.4214916952089933,0.0,4.0,-2.2094898207234466,0.0,2.0,2.0,2.0,0,3.0,2.0,0.0,1.0,2.0,3.0,2.0,0.0,0.0,0.0,0.0,0.0,0.0,0.0,0.0,0.0,0.0,0.0,0.0,2.0,4.0,0.0
-2.53789131038258,-0.7182490739419728,-0.5259169549297669,0.1765064570721369,-0.4214916952089933,0.0,4.0,-0.1117707738318157,0.0,1.0,1.0,2.0,0,2.0,2.0,0.0,1.0,2.0,2.0,2.0,0.0,0.0,0.0,0.0,0.0,0.0,0.0,0.0,0.0,0.0,0.0,0.0,1.0,3.0,0.0
-0.6543227425032957,1.3319039038056744,0.0074627571684165,0.4325984148776928,-0.4214916952089933,0.0,4.0,-1.685060059000539,1.0,0.0,1.0,0.0,0,3.0,0.0,3.0,2.0,2.0,1.0,1.0,1.0,0.0,0.0,0.0,0.0,1.0,0.0,1.0,0.0,0.0,0.0,0.0,5.0,3.0,0.0
0.7583536834061677,-0.5589536357113282,-0.6148135736127974,-0.5917694163445307,-0.4214916952089933,0.0,4.0,-2.7339195824463545,0.0,0.0,0.0,3.0,0,3.0,3.0,2.0,3.0,2.0,1.0,1.0,0.0,0.0,0.0,0.0,0.0,0.0,0.0,0.0,0.0,0.0,0.0,0.0,4.0,0.0,0.0
0.2874615414363465,-0.4286210044317098,-0.2592270988806752,-0.8478613741500867,-0.5409881848874709,1.0,5.0,-0.6362005355547234,2.0,0.0,2.0,1.0,0,0.0,1.0,0.0,0.0,0.0,0.0,0.0,0.0,0.0,0.0,0.0,0.0,0.0,0.0,0.0,0.0,0.0,0.0,0.0,1.0,3.0,0.0
-2.53789131038258,-0.8961634594982771,-0.6148135736127974,-0.5917694163445307,-0.5409881848874709,1.0,4.0,-1.1606302972776312,2.0,0.0,2.0,2.0,0,0.0,3.0,0.0,1.0,3.0,2.0,3.0,0.0,0.0,0.0,0.0,0.0,0.0,0.0,0.0,0.0,0.0,0.0,0.0,2.0,2.0,0.0
-0.1834306005334745,-0.7865185474693919,-0.703710192295828,-0.5917694163445307,-0.5409881848874709,0.0,4.0,-1.1606302972776312,1.0,1.0,1.0,2.0,0,2.0,2.0,2.0,2.0,3.0,2.0,2.0,0.0,0.0,0.0,0.0,0.0,0.0,0.0,0.0,0.0,0.0,0.0,0.0,1.0,2.0,0.0
0.7583536834061677,-0.2507066188754054,-0.1703304801976446,0.1765064570721369,-0.3019952055305157,0.0,4.0,0.412658987891092,0.0,2.0,1.0,0.0,0,2.0,0.0,1.0,0.0,1.0,0.0,0.0,0.0,0.0,0.0,0.0,0.0,1.0,0.0,0.0,0.0,0.0,0.0,0.0,4.0,5.0,0.0
-0.6543227425032957,-0.0169353913421217,-0.8815034296618891,-0.5917694163445307,0.7734732015757829,0.0,4.0,-0.1117707738318157,0.0,2.0,1.0,3.0,0,2.0,3.0,3.0,3.0,3.0,3.0,3.0,0.0,0.0,0.0,0.0,0.0,1.0,0.0,0.0,0.0,0.0,0.0,0.0,0.0,0.0,1.0
0.2874615414363465,-0.4306897763567831,3.2077410297575164,0.1765064570721369,1.8489416086820816,1.0,4.0,-0.6362005355547234,0.0,1.0,0.0,0.0,0,3.0,0.0,3.0,3.0,1.0,3.0,3.0,0.0,0.0,0.0,0.0,0.0,0.0,0.0,0.0,0.0,0.0,0.0,0.0,1.0,2.0,1.0
1.2292458253759888,-0.1307178472211536,-0.2592270988806752,-0.0795855007334189,-0.4214916952089933,1.0,4.0,0.9370887496139998,0.0,2.0,0.0,0.0,0,1.0,0.0,1.0,0.0,2.0,2.0,2.0,0.0,0.0,0.0,0.0,0.0,0.0,0.0,0.0,0.0,0.0,0.0,0.0,0.0,3.0,0.0
-1.125214884473117,-0.3748329343798038,-0.6148135736127974,-0.8478613741500867,-0.4214916952089933,0.0,4.0,-0.1117707738318157,1.0,3.0,3.0,0.0,0,0.0,0.0,1.0,1.0,0.0,0.0,0.0,0.0,0.0,0.0,0.0,0.0,1.0,0.0,0.0,0.0,0.0,0.0,0.0,1.0,4.0,1.0
0.7583536834061677,1.114682851672977,0.3630492319005388,1.4569662460999164,-0.182498715852038,0.0,4.0,0.9370887496139998,0.0,1.0,1.0,2.0,0,1.0,1.0,2.0,2.0,2.0,3.0,3.0,0.0,0.0,0.0,0.0,0.0,0.0,0.0,0.0,0.0,0.0,0.0,0.0,1.0,1.0,1.0
0.2874615414363465,-0.4224146886564899,0.6297390879496305,-0.3356774585389748,-0.4214916952089933,1.0,4.0,-1.1606302972776312,2.0,0.0,2.0,3.0,0,0.0,2.0,0.0,0.0,0.0,0.0,0.0,0.0,0.0,0.0,0.0,0.0,1.0,0.0,1.0,0.0,0.0,0.0,0.0,2.0,2.0,1.0
-0.1834306005334745,1.4622365350852926,0.5408424692666,-0.8478613741500867,-0.4214916952089933,0.0,4.0,-0.6362005355547234,0.0,0.0,0.0,0.0,0,1.0,0.0,1.0,0.0,0.0,0.0,0.0,0.0,0.0,0.0,0.0,0.0,1.0,0.0,0.0,0.0,0.0,0.0,0.0,4.0,1.0,0.0
-0.6543227425032957,-0.227950127699599,0.9853255626817528,-0.5917694163445307,1.9684380983605592,0.0,4.0,1.4615185113369076,0.0,0.0,0.0,3.0,0,3.0,3.0,2.0,3.0,2.0,1.0,1.0,0.0,0.0,0.0,0.0,0.0,1.0,0.0,0.0,0.0,0.0,0.0,0.0,4.0,4.0,1.0
-0.1834306005334745,-0.3831080220800971,0.6297390879496305,-0.5917694163445307,-0.4214916952089933,0.0,5.0,1.4615185113369076,1.0,3.0,3.0,2.0,0,0.0,2.0,2.0,2.0,0.0,0.0,0.0,0.0,0.0,0.0,0.0,0.0,0.0,0.0,0.0,0.0,0.0,0.0,0.0,0.0,1.0,0.0
0.7583536834061677,3.171042145195844,0.1852559945344776,1.2008742882943606,3.4023959745022907,4.0,4.0,-1.1606302972776312,0.0,0.0,0.0,3.0,0,2.0,3.0,1.0,2.0,1.0,1.0,1.0,0.0,0.0,0.0,0.0,0.0,1.0,0.0,1.0,0.0,0.0,0.0,0.0,1.0,5.0,1.0
-0.1834306005334745,1.108476535897757,0.096359375851447,0.4325984148776928,-0.5409881848874709,1.0,4.0,1.4615185113369076,1.0,1.0,1.0,3.0,0,1.0,2.0,3.0,2.0,1.0,0.0,1.0,0.0,0.0,0.0,0.0,0.0,0.0,0.0,0.0,0.0,0.0,0.0,0.0,0.0,5.0,1.0
0.7583536834061677,-0.1120988998954939,-0.5259169549297669,-0.3356774585389748,-0.4214916952089933,0.0,4.0,-1.685060059000539,2.0,1.0,3.0,0.0,0,0.0,0.0,0.0,0.0,2.0,1.0,1.0,0.0,0.0,0.0,0.0,0.0,0.0,0.0,0.0,0.0,0.0,0.0,0.0,4.0,3.0,0.0
1.70013796734581,-0.6913550389160198,-0.4370203362467363,-0.5917694163445307,-0.5409881848874709,0.0,4.0,0.9370887496139998,1.0,3.0,3.0,0.0,0,0.0,0.0,3.0,3.0,3.0,2.0,2.0,0.0,0.0,0.0,0.0,0.0,1.0,0.0,0.0,0.0,0.0,0.0,0.0,0.0,2.0,0.0
0.7583536834061677,1.853234428924148,-0.2592270988806752,-0.5917694163445307,-0.0630022261735604,0.0,4.0,1.4615185113369076,0.0,3.0,1.0,1.0,0,2.0,2.0,2.0,2.0,3.0,2.0,3.0,1.0,0.0,0.0,0.0,0.0,0.0,0.0,0.0,0.0,0.0,0.0,0.0,6.0,3.0,1.0
-1.125214884473117,0.4795698706754718,-0.4370203362467363,-0.0795855007334189,-0.4214916952089933,0.0,4.0,1.4615185113369076,1.0,3.0,3.0,0.0,0,2.0,0.0,3.0,3.0,3.0,3.0,3.0,0.0,0.0,0.0,0.0,0.0,0.0,0.0,0.0,0.0,0.0,0.0,0.0,2.0,3.0,1.0
0.2874615414363465,-0.2196750399993058,0.1852559945344776,-0.3356774585389748,-0.3019952055305157,0.0,4.0,0.412658987891092,0.0,2.0,0.0,0.0,0,1.0,0.0,0.0,0.0,2.0,1.0,2.0,0.0,0.0,0.0,0.0,0.0,0.0,0.0,0.0,0.0,0.0,0.0,0.0,2.0,5.0,0.0
2.171030109315631,-0.2403627592500389,-0.1703304801976446,0.6886903726832487,-0.5409881848874709,1.0,4.0,0.412658987891092,0.0,3.0,3.0,0.0,0,1.0,0.0,3.0,2.0,1.0,3.0,3.0,1.0,0.0,0.0,0.0,0.0,0.0,0.0,0.0,0.0,0.0,0.0,0.0,5.0,1.0,1.0
-1.125214884473117,-0.0396918825179281,-0.2592270988806752,0.1765064570721369,-0.4214916952089933,0.0,4.0,-1.1606302972776312,1.0,2.0,3.0,3.0,0,0.0,3.0,1.0,2.0,2.0,1.0,1.0,0.0,0.0,0.0,0.0,0.0,1.0,0.0,0.0,0.0,0.0,0.0,0.0,3.0,4.0,0.0
0.2874615414363465,0.3657874147964399,0.4519458505835693,-0.5917694163445307,-0.5409881848874709,0.0,5.0,-0.6362005355547234,1.0,0.0,1.0,2.0,0,3.0,1.0,1.0,1.0,0.0,0.0,0.0,0.0,0.0,0.0,0.0,0.0,1.0,0.0,0.0,0.0,0.0,0.0,0.0,3.0,3.0,0.0
-0.1834306005334745,0.5209453091769379,-0.5259169549297669,-0.0795855007334189,6.748297685499664,1.0,4.0,1.4615185113369076,1.0,1.0,2.0,2.0,0,0.0,2.0,3.0,2.0,2.0,1.0,1.0,0.0,0.0,0.0,0.0,0.0,1.0,0.0,0.0,0.0,0.0,0.0,0.0,3.0,5.0,1.0
0.7583536834061677,-0.4017269694057568,-0.703710192295828,-0.5917694163445307,-0.4214916952089933,0.0,4.0,-0.1117707738318157,2.0,2.0,3.0,0.0,0,0.0,0.0,0.0,0.0,0.0,0.0,0.0,0.0,0.0,0.0,0.0,0.0,0.0,0.0,0.0,0.0,0.0,0.0,0.0,4.0,3.0,0.0
-1.125214884473117,0.1092596960873499,-0.3481237175637057,-0.3356774585389748,-0.4214916952089933,0.0,4.0,0.412658987891092,1.0,1.0,2.0,3.0,0,0.0,3.0,2.0,2.0,3.0,3.0,3.0,0.0,0.0,0.0,0.0,0.0,0.0,0.0,0.0,0.0,0.0,0.0,0.0,2.0,4.0,1.0
-0.1834306005334745,-0.5196469691349354,-0.5259169549297669,0.1765064570721369,-0.4214916952089933,0.0,5.0,-0.1117707738318157,1.0,1.0,2.0,0.0,0,1.0,0.0,1.0,0.0,3.0,3.0,3.0,0.0,0.0,0.0,0.0,0.0,1.0,0.0,0.0,0.0,0.0,0.0,0.0,3.0,0.0,1.0
1.70013796734581,-0.6313606530888939,-0.5259169549297669,0.1765064570721369,-0.3019952055305157,1.0,4.0,1.4615185113369076,0.0,2.0,1.0,3.0,0,2.0,3.0,1.0,2.0,2.0,3.0,3.0,0.0,0.0,0.0,0.0,0.0,0.0,0.0,0.0,0.0,0.0,0.0,0.0,3.0,4.0,0.0
-1.125214884473117,-0.5299908287603019,-0.081433861514614,0.6886903726832487,-0.4214916952089933,0.0,4.0,0.412658987891092,1.0,3.0,3.0,2.0,0,3.0,2.0,2.0,2.0,1.0,2.0,2.0,0.0,0.0,0.0,0.0,0.0,0.0,0.0,0.0,0.0,0.0,0.0,0.0,3.0,3.0,0.0
-0.1834306005334745,-0.4679276710081027,-0.7926068109788585,-0.3356774585389748,-0.4214916952089933,0.0,4.0,-0.1117707738318157,0.0,0.0,0.0,0.0,0,0.0,0.0,1.0,0.0,2.0,1.0,1.0,0.0,0.0,0.0,0.0,0.0,0.0,0.0,0.0,0.0,0.0,0.0,0.0,3.0,4.0,1.0
-1.5961070264429378,0.2230421519663818,-0.2592270988806752,-0.0795855007334189,-0.4214916952089933,0.0,4.0,1.4615185113369076,1.0,3.0,3.0,2.0,0,0.0,1.0,2.0,2.0,1.0,0.0,0.0,0.0,0.0,0.0,0.0,0.0,1.0,0.0,0.0,0.0,0.0,0.0,0.0,4.0,3.0,1.0
-0.1834306005334745,-0.4348273202069297,0.0074627571684165,-0.0795855007334189,0.5344802222188277,0.0,4.0,1.4615185113369076,1.0,2.0,3.0,2.0,0,0.0,2.0,1.0,2.0,2.0,1.0,2.0,0.0,0.0,0.0,0.0,0.0,0.0,0.0,0.0,0.0,0.0,0.0,0.0,4.0,2.0,1.0
-0.1834306005334745,0.1609789942141826,-0.9704000483449196,-0.8478613741500867,-0.4214916952089933,0.0,4.0,-2.7339195824463545,0.0,0.0,0.0,3.0,0,3.0,3.0,0.0,2.0,0.0,0.0,0.0,0.0,0.0,0.0,0.0,0.0,1.0,0.0,0.0,0.0,0.0,0.0,0.0,2.0,0.0,0.0
1.2292458253759888,0.2354547835168216,1.518705274779936,5.042253655377699,0.5344802222188277,0.0,4.0,-0.1117707738318157,1.0,2.0,3.0,1.0,0,0.0,1.0,2.0,2.0,1.0,3.0,3.0,1.0,0.0,0.0,0.0,0.0,1.0,0.0,0.0,0.0,0.0,0.0,0.0,5.0,0.0,1.0
0.7583536834061677,-0.4824090744836158,-0.5259169549297669,-0.0795855007334189,-0.5409881848874709,21.0,4.0,-1.685060059000539,1.0,0.0,0.0,3.0,0,3.0,3.0,2.0,3.0,3.0,3.0,3.0,0.0,0.0,0.0,0.0,0.0,1.0,0.0,0.0,0.0,0.0,0.0,0.0,1.0,2.0,1.0
0.2874615414363465,0.1671853099894025,-0.703710192295828,-0.3356774585389748,-0.3019952055305157,0.0,4.0,-1.685060059000539,0.0,0.0,0.0,0.0,0,3.0,0.0,1.0,1.0,3.0,3.0,3.0,0.0,0.0,0.0,0.0,0.0,1.0,0.0,0.0,0.0,0.0,0.0,0.0,3.0,3.0,0.0
0.2874615414363465,-0.2445003031001855,-0.3481237175637057,-0.5917694163445307,-0.4214916952089933,0.0,4.0,-1.1606302972776312,0.0,1.0,1.0,2.0,0,1.0,2.0,1.0,0.0,2.0,1.0,1.0,0.0,0.0,0.0,0.0,0.0,0.0,0.0,0.0,0.0,0.0,0.0,0.0,0.0,1.0,0.0
0.2874615414363465,0.0885719768366168,-0.1703304801976446,0.4325984148776928,2.2074310777175143,0.0,4.0,-1.1606302972776312,1.0,0.0,0.0,3.0,0,2.0,3.0,0.0,1.0,2.0,1.0,1.0,0.0,0.0,0.0,0.0,0.0,1.0,0.0,0.0,0.0,0.0,0.0,0.0,1.0,4.0,0.0
1.70013796734581,-1.1402785466569274,-0.9704000483449196,-0.8478613741500867,0.8929696912542606,0.0,0.0,0.412658987891092,0.0,2.0,0.0,1.0,0,1.0,1.0,2.0,2.0,0.0,0.0,0.0,0.0,0.0,0.0,0.0,0.0,0.0,0.0,0.0,0.0,0.0,0.0,0.0,4.0,1.0,0.0
1.2292458253759888,-0.8940946875732039,-0.2592270988806752,-0.3356774585389748,0.0564942635049172,1.0,4.0,0.9370887496139998,0.0,1.0,1.0,2.0,0,3.0,3.0,3.0,3.0,2.0,2.0,2.0,0.0,0.0,0.0,0.0,0.0,0.0,0.0,0.0,0.0,0.0,0.0,0.0,2.0,2.0,1.0
-0.1834306005334745,1.633944604866377,0.096359375851447,-0.3356774585389748,-0.4214916952089933,12.0,4.0,1.4615185113369076,1.0,3.0,3.0,0.0,0,1.0,0.0,2.0,2.0,2.0,1.0,1.0,0.0,0.0,0.0,0.0,0.0,1.0,0.0,1.0,0.0,0.0,0.0,0.0,1.0,1.0,0.0
0.2874615414363465,1.1333017989986367,1.8742917495120583,-0.3356774585389748,1.3709556499681712,0.0,4.0,0.412658987891092,1.0,3.0,3.0,0.0,0,1.0,0.0,3.0,3.0,3.0,2.0,2.0,0.0,0.0,0.0,0.0,0.0,1.0,0.0,0.0,0.0,0.0,0.0,0.0,1.0,2.0,1.0
0.2874615414363465,-0.3562139870541441,0.1852559945344776,-0.0795855007334189,3.4023959745022907,0.0,5.0,0.9370887496139998,0.0,3.0,2.0,3.0,0,2.0,3.0,3.0,3.0,1.0,3.0,3.0,0.0,0.0,0.0,0.0,0.0,1.0,1.0,1.0,1.0,0.0,0.0,0.0,1.0,2.0,1.0
0.2874615414363465,-0.4513774956075162,0.6297390879496305,-0.5917694163445307,-0.4214916952089933,0.0,5.0,-1.1606302972776312,1.0,0.0,0.0,3.0,0,2.0,2.0,0.0,1.0,0.0,0.0,0.0,0.0,0.0,0.0,0.0,0.0,0.0,0.0,0.0,0.0,0.0,0.0,0.0,2.0,1.0,0.0
-0.1834306005334745,0.0140961875339778,-0.2592270988806752,-0.8478613741500867,-0.4214916952089933,0.0,4.0,0.412658987891092,1.0,3.0,3.0,2.0,0,1.0,2.0,2.0,2.0,0.0,0.0,0.0,0.0,0.0,0.0,0.0,0.0,1.0,0.0,0.0,0.0,0.0,0.0,0.0,1.0,1.0,1.0
0.2874615414363465,-0.6313606530888939,-0.5259169549297669,-0.0795855007334189,0.8929696912542606,1.0,5.0,-0.6362005355547234,0.0,0.0,0.0,0.0,0,1.0,0.0,1.0,0.0,2.0,1.0,1.0,0.0,0.0,0.0,0.0,0.0,0.0,0.0,0.0,0.0,0.0,0.0,0.0,2.0,5.0,0.0
-0.6543227425032957,-0.5175781972098621,0.9853255626817528,-0.3356774585389748,1.8489416086820816,0.0,4.0,1.4615185113369076,0.0,2.0,1.0,0.0,0,2.0,0.0,3.0,3.0,3.0,2.0,2.0,0.0,0.0,0.0,0.0,0.0,1.0,0.0,0.0,0.0,1.0,0.0,0.0,2.0,2.0,1.0
0.7583536834061677,0.0678842575858837,-0.7926068109788585,-0.8478613741500867,-0.4214916952089933,0.0,5.0,-0.6362005355547234,0.0,0.0,0.0,1.0,0,1.0,1.0,1.0,1.0,0.0,0.0,0.0,0.0,0.0,0.0,0.0,0.0,0.0,0.0,0.0,0.0,0.0,0.0,0.0,2.0,1.0,0.0
0.2874615414363465,-0.8651318806221776,-0.703710192295828,-0.0795855007334189,-0.3019952055305157,0.0,4.0,-1.1606302972776312,0.0,0.0,0.0,3.0,0,3.0,3.0,2.0,3.0,2.0,2.0,2.0,0.0,0.0,0.0,0.0,0.0,0.0,0.0,0.0,0.0,0.0,0.0,0.0,0.0,3.0,0.0
1.70013796734581,-0.0086603036418285,-0.3481237175637057,-0.3356774585389748,-0.4214916952089933,0.0,4.0,-0.6362005355547234,1.0,0.0,0.0,0.0,0,2.0,0.0,1.0,0.0,2.0,1.0,1.0,0.0,0.0,0.0,0.0,0.0,0.0,0.0,0.0,0.0,0.0,0.0,0.0,1.0,3.0,0.0
1.70013796734581,7.225835118339526,0.8964289439987222,-0.8478613741500867,0.6539767118973053,2.0,4.0,1.4615185113369076,0.0,1.0,0.0,2.0,0,2.0,3.0,2.0,2.0,0.0,0.0,0.0,0.0,0.0,0.0,0.0,0.0,1.0,0.0,0.0,0.0,0.0,0.0,0.0,4.0,3.0,1.0
0.7583536834061677,0.5395642565025978,0.6297390879496305,-0.0795855007334189,-0.3019952055305157,0.0,4.0,-0.6362005355547234,0.0,2.0,3.0,2.0,0,1.0,2.0,1.0,1.0,1.0,1.0,1.0,0.0,0.0,0.0,0.0,0.0,1.0,0.0,0.0,0.0,0.0,0.0,0.0,2.0,1.0,0.0
-2.066999168412759,-0.7741059159189521,-0.7926068109788585,-0.3356774585389748,0.4149837325403501,1.0,4.0,0.412658987891092,0.0,2.0,2.0,3.0,0,3.0,3.0,3.0,3.0,3.0,3.0,3.0,0.0,0.0,0.0,0.0,0.0,0.0,0.0,0.0,0.0,0.0,0.0,0.0,1.0,2.0,1.0
-0.1834306005334745,0.4050940813728328,-0.6148135736127974,-0.3356774585389748,0.8929696912542606,1.0,4.0,0.9370887496139998,2.0,3.0,3.0,0.0,0,0.0,0.0,3.0,3.0,1.0,0.0,1.0,0.0,0.0,0.0,0.0,0.0,0.0,0.0,0.0,0.0,0.0,0.0,0.0,0.0,4.0,1.0
-1.5961070264429378,0.9036681153154996,0.0074627571684165,-0.5917694163445307,0.6539767118973053,0.0,4.0,-0.1117707738318157,1.0,2.0,1.0,3.0,0,1.0,3.0,3.0,3.0,3.0,2.0,2.0,0.0,0.0,0.0,0.0,0.0,1.0,0.0,0.0,0.0,0.0,0.0,0.0,2.0,2.0,0.0
0.7583536834061677,-0.7079052143166062,-0.7926068109788585,-0.5917694163445307,-0.3019952055305157,0.0,4.0,-0.6362005355547234,0.0,1.0,1.0,0.0,0,1.0,0.0,0.0,0.0,1.0,0.0,1.0,0.0,0.0,0.0,0.0,0.0,0.0,0.0,0.0,0.0,0.0,0.0,0.0,2.0,1.0,1.0
3.112814393255273,2.780044251356989,-0.3481237175637057,-0.5917694163445307,-0.3019952055305157,0.0,4.0,-0.6362005355547234,0.0,1.0,1.0,2.0,0,2.0,2.0,1.0,1.0,1.0,0.0,0.0,0.0,0.0,0.0,0.0,0.0,1.0,0.0,1.0,0.0,0.0,0.0,0.0,4.0,5.0,0.0
-0.1834306005334745,-0.8092750386451983,-0.2592270988806752,-0.0795855007334189,-0.0630022261735604,0.0,4.0,-0.6362005355547234,0.0,2.0,1.0,3.0,0,3.0,3.0,3.0,3.0,3.0,3.0,3.0,0.0,0.0,0.0,0.0,0.0,1.0,0.0,0.0,0.0,0.0,0.0,0.0,3.0,2.0,0.0
0.7583536834061677,1.4601677631602192,-0.1703304801976446,-0.8478613741500867,-0.4214916952089933,0.0,4.0,-0.6362005355547234,0.0,1.0,1.0,3.0,0,2.0,2.0,1.0,1.0,0.0,0.0,0.0,0.0,0.0,0.0,0.0,0.0,1.0,0.0,0.0,0.0,0.0,0.0,0.0,4.0,5.0,1.0
0.2874615414363465,0.4009565375226862,0.4519458505835693,-0.5917694163445307,-0.5409881848874709,0.0,5.0,-0.6362005355547234,1.0,3.0,3.0,2.0,0,2.0,2.0,1.0,2.0,0.0,0.0,0.0,0.0,0.0,0.0,0.0,0.0,1.0,0.0,0.0,0.0,0.0,0.0,0.0,2.0,3.0,0.0
1.2292458253759888,-0.5899852145874278,-0.4370203362467363,0.1765064570721369,-0.4214916952089933,0.0,4.0,1.4615185113369076,0.0,1.0,0.0,0.0,0,2.0,0.0,1.0,1.0,1.0,3.0,2.0,1.0,0.0,0.0,0.0,0.0,0.0,0.0,0.0,0.0,0.0,0.0,0.0,6.0,5.0,1.0
-0.1834306005334745,-0.7285929335673393,-0.6148135736127974,-0.5917694163445307,-0.5409881848874709,0.0,4.0,-0.6362005355547234,0.0,0.0,0.0,0.0,0,2.0,0.0,0.0,0.0,3.0,2.0,2.0,0.0,0.0,0.0,0.0,0.0,0.0,0.0,0.0,0.0,0.0,0.0,0.0,1.0,1.0,1.0
0.7583536834061677,-0.4782715306334692,-0.081433861514614,0.6886903726832487,-0.5409881848874709,1.0,4.0,1.4615185113369076,1.0,3.0,3.0,1.0,0,0.0,1.0,3.0,3.0,3.0,3.0,3.0,0.0,0.0,0.0,0.0,0.0,0.0,0.0,0.0,0.0,0.0,0.0,0.0,4.0,4.0,0.0
-0.1834306005334745,-1.1402785466569274,-0.9704000483449196,-0.8478613741500867,1.0124661809327382,1.0,0.0,0.412658987891092,0.0,0.0,0.0,3.0,0,2.0,3.0,3.0,3.0,0.0,0.0,0.0,0.0,0.0,0.0,0.0,0.0,0.0,0.0,0.0,0.0,0.0,0.0,0.0,4.0,2.0,1.0
0.7583536834061677,0.7423039051597818,2.14098160556115,7.347081275627702,3.043906505466858,0.0,4.0,1.4615185113369076,1.0,2.0,3.0,3.0,0,1.0,2.0,2.0,3.0,0.0,3.0,1.0,1.0,0.0,0.0,0.0,0.0,1.0,0.0,0.0,0.0,0.0,0.0,0.0,6.0,2.0,0.0
0.7583536834061677,-0.8506504771466644,-0.7926068109788585,-0.8478613741500867,-0.5409881848874709,2.0,5.0,-0.1117707738318157,0.0,3.0,3.0,3.0,0,2.0,3.0,3.0,3.0,0.0,0.0,0.0,0.0,1.0,0.0,0.0,0.0,0.0,0.0,0.0,0.0,0.0,0.0,0.0,1.0,5.0,0.0
-0.1834306005334745,0.6636905720069961,1.963188368195089,7.347081275627702,3.043906505466858,0.0,4.0,1.4615185113369076,2.0,3.0,3.0,2.0,0,0.0,3.0,3.0,3.0,0.0,3.0,1.0,1.0,0.0,0.0,0.0,0.0,1.0,0.0,0.0,0.0,0.0,0.0,0.0,6.0,2.0,1.0
0.7583536834061677,-0.1451992506966668,0.0074627571684165,0.4325984148776928,-0.4214916952089933,1.0,5.0,1.4615185113369076,0.0,0.0,0.0,3.0,0,2.0,2.0,1.0,2.0,2.0,1.0,1.0,0.0,0.0,0.0,0.0,0.0,0.0,0.0,0.0,0.0,0.0,0.0,0.0,3.0,4.0,0.0
1.70013796734581,1.0174505711945316,-0.6148135736127974,-0.0795855007334189,0.2954872428618724,0.0,4.0,0.412658987891092,0.0,2.0,2.0,2.0,0,1.0,2.0,3.0,2.0,1.0,1.0,1.0,0.0,0.0,0.0,0.0,0.0,1.0,0.0,0.0,0.0,0.0,0.0,0.0,1.0,5.0,0.0
-0.1834306005334745,0.8974617995402798,-0.2592270988806752,-0.5917694163445307,-0.4214916952089933,0.0,4.0,-1.1606302972776312,0.0,0.0,0.0,0.0,0,3.0,0.0,0.0,0.0,2.0,1.0,1.0,0.0,0.0,0.0,0.0,0.0,0.0,0.0,1.0,0.0,0.0,0.0,0.0,1.0,1.0,0.0
0.7583536834061677,0.2168358361911619,0.8075323253156916,2.48133407732214,-0.4214916952089933,0.0,4.0,1.4615185113369076,1.0,3.0,3.0,0.0,0,0.0,0.0,0.0,0.0,1.0,1.0,1.0,0.0,0.0,0.0,0.0,0.0,0.0,0.0,0.0,0.0,0.0,0.0,0.0,3.0,1.0,0.0
1.70013796734581,-0.0707234613940277,-0.6148135736127974,-0.3356774585389748,-0.4214916952089933,0.0,4.0,-1.1606302972776312,0.0,3.0,3.0,2.0,0,3.0,3.0,3.0,3.0,2.0,1.0,1.0,0.0,0.0,0.0,0.0,0.0,0.0,0.0,0.0,0.0,0.0,0.0,0.0,3.0,1.0,0.0
-0.1834306005334745,0.7278225016842687,-0.1703304801976446,-0.3356774585389748,-0.4214916952089933,0.0,4.0,0.9370887496139998,1.0,1.0,2.0,0.0,0,1.0,0.0,2.0,1.0,0.0,0.0,0.0,0.0,0.0,0.0,0.0,0.0,1.0,0.0,0.0,0.0,0.0,0.0,0.0,2.0,3.0,0.0
1.70013796734581,-0.8630631086971042,-0.5259169549297669,-0.3356774585389748,-0.3019952055305157,0.0,4.0,-0.6362005355547234,0.0,1.0,0.0,3.0,0,3.0,3.0,2.0,3.0,3.0,2.0,2.0,0.0,0.0,0.0,0.0,0.0,0.0,0.0,0.0,0.0,0.0,0.0,0.0,0.0,2.0,1.0
-1.125214884473117,-0.9313325822245234,0.7186357066326611,-0.5917694163445307,1.729445119003604,0.0,5.0,0.412658987891092,0.0,0.0,0.0,1.0,0,2.0,1.0,0.0,0.0,1.0,0.0,1.0,0.0,0.0,0.0,0.0,0.0,0.0,0.0,0.0,0.0,0.0,0.0,0.0,1.0,1.0,1.0
-0.6543227425032957,0.0865032049115435,0.4519458505835693,2.993517992933252,0.8929696912542606,0.0,4.0,-1.685060059000539,2.0,1.0,3.0,2.0,0,0.0,2.0,0.0,0.0,0.0,1.0,1.0,0.0,0.0,0.0,0.0,0.0,1.0,0.0,0.0,0.0,0.0,0.0,0.0,3.0,3.0,0.0
0.2874615414363465,-0.8899571437230572,-0.4370203362467363,-0.0795855007334189,-0.3019952055305157,0.0,4.0,-0.6362005355547234,0.0,1.0,1.0,2.0,0,1.0,2.0,1.0,2.0,3.0,2.0,2.0,0.0,0.0,0.0,0.0,0.0,0.0,0.0,0.0,0.0,0.0,0.0,0.0,4.0,0.0,1.0
-0.6543227425032957,-0.2796694258264317,-0.1703304801976446,-0.8478613741500867,-0.5409881848874709,3.0,4.0,0.412658987891092,0.0,3.0,3.0,0.0,0,0.0,0.0,2.0,1.0,0.0,0.0,0.0,0.0,0.0,0.0,0.0,0.0,0.0,0.0,0.0,0.0,0.0,0.0,0.0,1.0,0.0,0.0
-0.6543227425032957,1.1457144305490767,0.4519458505835693,-0.8478613741500867,-0.4214916952089933,0.0,4.0,-2.2094898207234466,2.0,0.0,2.0,3.0,0,1.0,2.0,0.0,1.0,0.0,0.0,0.0,0.0,0.0,0.0,0.0,0.0,1.0,0.0,0.0,0.0,0.0,0.0,0.0,1.0,1.0,0.0
1.2292458253759888,-0.6830799512157266,-0.5259169549297669,0.1765064570721369,-0.4214916952089933,0.0,4.0,-0.1117707738318157,1.0,3.0,3.0,1.0,0,2.0,1.0,3.0,3.0,0.0,0.0,0.0,0.0,0.0,0.0,0.0,0.0,0.0,0.0,0.0,0.0,0.0,0.0,0.0,0.0,3.0,0.0
-1.125214884473117,-0.7513494247431457,-0.703710192295828,-0.0795855007334189,-0.5409881848874709,2.0,4.0,0.412658987891092,2.0,1.0,2.0,0.0,0,0.0,0.0,0.0,0.0,2.0,1.0,2.0,1.0,0.0,0.0,0.0,0.0,0.0,0.0,0.0,0.0,0.0,0.0,0.0,6.0,1.0,0.0
0.7583536834061677,-0.5734350391868414,-0.2592270988806752,-0.0795855007334189,-0.3019952055305157,0.0,4.0,-0.1117707738318157,0.0,0.0,0.0,0.0,0,0.0,0.0,1.0,0.0,2.0,3.0,3.0,0.0,0.0,0.0,0.0,0.0,1.0,0.0,0.0,0.0,0.0,0.0,0.0,2.0,4.0,1.0
1.2292458253759888,1.5822253067395444,-0.4370203362467363,0.6886903726832487,-0.4214916952089933,0.0,4.0,-0.1117707738318157,1.0,1.0,2.0,0.0,0,1.0,0.0,0.0,0.0,0.0,1.0,0.0,0.0,0.0,0.0,0.0,0.0,0.0,0.0,1.0,0.0,0.0,0.0,0.0,1.0,1.0,0.0
-1.5961070264429378,-0.7430743370428525,0.8075323253156916,0.1765064570721369,1.3709556499681712,0.0,5.0,-0.1117707738318157,0.0,3.0,3.0,0.0,0,2.0,0.0,3.0,3.0,2.0,1.0,1.0,0.0,0.0,0.0,0.0,0.0,0.0,0.0,0.0,0.0,0.0,0.0,0.0,0.0,2.0,0.0
-1.125214884473117,0.2002856607905754,-0.7926068109788585,-0.5917694163445307,-0.4214916952089933,0.0,4.0,-1.1606302972776312,0.0,1.0,0.0,2.0,0,2.0,3.0,0.0,1.0,2.0,1.0,1.0,0.0,0.0,0.0,0.0,0.0,0.0,0.0,0.0,0.0,0.0,0.0,0.0,4.0,1.0,1.0
-1.5961070264429378,-0.1493367945468134,-0.3481237175637057,0.6886903726832487,-0.182498715852038,0.0,4.0,-0.1117707738318157,0.0,2.0,2.0,3.0,0,3.0,3.0,3.0,3.0,0.0,2.0,1.0,0.0,0.0,0.0,0.0,0.0,1.0,0.0,0.0,0.0,0.0,0.0,0.0,1.0,4.0,1.0
-1.125214884473117,-0.3644890747544373,-0.5259169549297669,-0.3356774585389748,-0.4214916952089933,0.0,4.0,-1.685060059000539,2.0,0.0,2.0,3.0,0,1.0,3.0,0.0,1.0,0.0,0.0,0.0,0.0,0.0,0.0,0.0,0.0,0.0,0.0,1.0,0.0,0.0,0.0,0.0,2.0,5.0,1.0
-0.6543227425032957,-0.0210729351922684,-0.4370203362467363,-0.3356774585389748,-0.4214916952089933,0.0,4.0,-0.1117707738318157,2.0,1.0,3.0,1.0,0,1.0,1.0,1.0,1.0,0.0,0.0,0.0,0.0,0.0,0.0,0.0,0.0,0.0,0.0,0.0,0.0,0.0,0.0,0.0,2.0,1.0,1.0
-1.5961070264429378,0.1258098714879363,-0.081433861514614,-0.8478613741500867,-0.4214916952089933,0.0,5.0,0.412658987891092,0.0,1.0,0.0,3.0,0,1.0,2.0,0.0,1.0,0.0,0.0,0.0,0.0,0.0,0.0,0.0,0.0,0.0,0.0,0.0,0.0,0.0,0.0,0.0,2.0,1.0,0.0
-0.6543227425032957,0.2416610992920415,0.0074627571684165,0.6886903726832487,0.6539767118973053,0.0,4.0,1.4615185113369076,1.0,2.0,2.0,0.0,0,2.0,0.0,3.0,2.0,2.0,2.0,2.0,0.0,0.0,0.0,0.0,0.0,1.0,0.0,1.0,0.0,0.0,0.0,0.0,0.0,5.0,1.0
0.7583536834061677,-0.072792233319101,1.2520154187308443,-0.0795855007334189,1.4904521396466488,0.0,4.0,0.9370887496139998,0.0,1.0,2.0,2.0,0,2.0,1.0,3.0,3.0,3.0,3.0,3.0,0.0,0.0,0.0,0.0,0.0,0.0,0.0,1.0,0.0,1.0,2.0,1.0,0.0,2.0,1.0
0.2874615414363465,-0.7699683720688054,-0.703710192295828,-0.5917694163445307,-0.4214916952089933,1.0,4.0,-1.1606302972776312,1.0,1.0,1.0,2.0,0,2.0,2.0,0.0,0.0,1.0,0.0,0.0,0.0,0.0,0.0,0.0,0.0,0.0,0.0,0.0,0.0,0.0,0.0,0.0,1.0,1.0,0.0
0.2874615414363465,0.1816667134649156,1.963188368195089,0.1765064570721369,-0.4214916952089933,1.0,4.0,0.9370887496139998,0.0,2.0,1.0,0.0,0,3.0,0.0,3.0,3.0,2.0,1.0,1.0,0.0,0.0,0.0,0.0,0.0,1.0,0.0,0.0,0.0,0.0,0.0,0.0,2.0,1.0,1.0
-0.1834306005334745,-0.7389367931927059,-0.6148135736127974,-0.0795855007334189,-0.4214916952089933,0.0,4.0,-1.1606302972776312,0.0,1.0,2.0,2.0,0,2.0,2.0,1.0,1.0,1.0,0.0,0.0,0.0,0.0,0.0,0.0,0.0,0.0,0.0,0.0,0.0,0.0,0.0,0.0,3.0,4.0,0.0
-0.6543227425032957,-0.7720371439938788,0.3630492319005388,-0.3356774585389748,0.7734732015757829,0.0,5.0,0.412658987891092,0.0,3.0,2.0,3.0,0,2.0,3.0,3.0,3.0,3.0,3.0,3.0,0.0,1.0,0.0,0.0,0.0,0.0,0.0,0.0,0.0,0.0,0.0,0.0,1.0,2.0,1.0
-0.6543227425032957,-0.7079052143166062,0.1852559945344776,-0.0795855007334189,0.6539767118973053,0.0,5.0,1.4615185113369076,0.0,3.0,3.0,2.0,0,2.0,3.0,3.0,3.0,3.0,2.0,2.0,0.0,0.0,0.0,0.0,0.0,1.0,0.0,0.0,0.0,0.0,0.0,0.0,3.0,2.0,1.0
-1.125214884473117,-0.4327585482818564,-0.5259169549297669,0.1765064570721369,-0.4214916952089933,0.0,4.0,-0.1117707738318157,1.0,1.0,1.0,3.0,0,2.0,2.0,0.0,1.0,2.0,1.0,2.0,0.0,0.0,0.0,0.0,0.0,0.0,0.0,0.0,0.0,0.0,0.0,0.0,1.0,3.0,1.0
-0.6543227425032957,0.150635134588816,4.185603835270853,1.2008742882943606,-0.4214916952089933,5.0,4.0,1.4615185113369076,0.0,2.0,2.0,2.0,0,2.0,2.0,3.0,3.0,1.0,2.0,2.0,0.0,0.0,0.0,0.0,0.0,0.0,0.0,0.0,0.0,0.0,0.0,0.0,3.0,2.0,0.0
1.70013796734581,0.0740905733611037,-0.2592270988806752,-0.5917694163445307,-0.4214916952089933,1.0,4.0,-0.6362005355547234,0.0,0.0,0.0,0.0,0,2.0,0.0,0.0,0.0,0.0,0.0,0.0,0.0,0.0,0.0,0.0,0.0,1.0,0.0,0.0,0.0,0.0,0.0,0.0,3.0,1.0,0.0
-0.1834306005334745,-0.7285929335673393,-0.2592270988806752,0.9447823304888048,-0.4214916952089933,0.0,4.0,0.9370887496139998,1.0,3.0,3.0,2.0,0,0.0,2.0,2.0,1.0,2.0,1.0,1.0,0.0,0.0,0.0,0.0,0.0,0.0,0.0,0.0,0.0,0.0,0.0,0.0,2.0,4.0,0.0
-0.1834306005334745,2.591786006175318,1.963188368195089,7.347081275627702,3.641388953859246,0.0,4.0,0.412658987891092,0.0,3.0,3.0,0.0,0,0.0,0.0,3.0,2.0,0.0,2.0,2.0,0.0,0.0,0.0,0.0,0.0,1.0,0.0,0.0,0.0,0.0,0.0,0.0,4.0,4.0,0.0
-0.6543227425032957,-0.8175501263454915,-0.7926068109788585,-0.3356774585389748,-0.5409881848874709,1.0,4.0,0.412658987891092,2.0,2.0,3.0,0.0,0,0.0,0.0,0.0,0.0,3.0,2.0,3.0,0.0,0.0,0.0,0.0,0.0,0.0,0.0,0.0,0.0,0.0,0.0,0.0,0.0,5.0,0.0
-0.1834306005334745,-0.261050478500772,-0.1703304801976446,0.4325984148776928,-0.4214916952089933,4.0,4.0,0.9370887496139998,1.0,2.0,2.0,0.0,0,2.0,0.0,2.0,1.0,0.0,2.0,2.0,1.0,0.0,0.0,0.0,0.0,0.0,0.0,0.0,0.0,0.0,0.0,0.0,5.0,5.0,0.0
1.2292458253759888,-0.2196750399993058,0.0074627571684165,-0.5917694163445307,-0.182498715852038,0.0,4.0,-1.685060059000539,0.0,0.0,0.0,3.0,0,3.0,3.0,2.0,3.0,3.0,2.0,2.0,0.0,0.0,0.0,0.0,0.0,1.0,0.0,1.0,0.0,0.0,0.0,0.0,3.0,0.0,1.0
-0.1834306005334745,0.6657593439320695,-0.3481237175637057,-0.3356774585389748,1.1319626706112158,1.0,5.0,-1.1606302972776312,0.0,1.0,1.0,0.0,0,1.0,0.0,1.0,0.0,1.0,2.0,2.0,0.0,0.0,0.0,0.0,0.0,0.0,0.0,0.0,0.0,0.0,0.0,0.0,4.0,1.0,1.0
-1.5961070264429378,-0.1224427595208604,-0.9704000483449196,-0.8478613741500867,0.0564942635049172,0.0,5.0,-1.1606302972776312,0.0,2.0,1.0,0.0,0,1.0,0.0,0.0,0.0,0.0,0.0,0.0,0.0,0.0,0.0,0.0,0.0,0.0,0.0,1.0,0.0,0.0,0.0,0.0,0.0,1.0,0.0
-1.5961070264429378,-0.4410336359821497,1.2520154187308443,0.1765064570721369,1.8489416086820816,0.0,5.0,1.4615185113369076,0.0,3.0,2.0,2.0,0,1.0,2.0,2.0,2.0,1.0,2.0,2.0,0.0,0.0,0.0,0.0,0.0,0.0,0.0,0.0,0.0,0.0,0.0,0.0,1.0,2.0,1.0
-0.1834306005334745,0.2726926781681412,2.585464698976303,1.2008742882943606,1.4904521396466488,2.0,4.0,0.9370887496139998,0.0,2.0,2.0,3.0,0,3.0,3.0,3.0,3.0,1.0,3.0,3.0,0.0,0.0,0.0,0.0,0.0,1.0,0.0,0.0,0.0,0.0,0.0,0.0,2.0,2.0,0.0
1.2292458253759888,0.9574561853674056,1.2520154187308443,0.6886903726832487,-0.4214916952089933,2.0,4.0,1.4615185113369076,0.0,3.0,3.0,1.0,0,1.0,1.0,2.0,1.0,1.0,1.0,1.0,0.0,0.0,0.0,0.0,0.0,0.0,0.0,0.0,0.0,0.0,0.0,0.0,3.0,1.0,1.0
-0.6543227425032957,-0.2465690750252588,1.163118800047814,-0.0795855007334189,0.5344802222188277,3.0,4.0,-1.685060059000539,0.0,0.0,1.0,3.0,0,3.0,3.0,3.0,3.0,3.0,3.0,3.0,0.0,0.0,0.0,0.0,0.0,1.0,0.0,0.0,0.0,0.0,0.0,0.0,1.0,2.0,1.0
0.7583536834061677,-0.7368680212676325,1.163118800047814,0.1765064570721369,1.8489416086820816,0.0,5.0,1.4615185113369076,0.0,0.0,0.0,3.0,0,2.0,3.0,3.0,3.0,3.0,3.0,3.0,0.0,0.0,0.0,0.0,0.0,1.0,0.0,0.0,0.0,0.0,0.0,0.0,3.0,2.0,0.0
-0.1834306005334745,-0.0686546894689544,0.096359375851447,-0.8478613741500867,-0.4214916952089933,0.0,5.0,1.4615185113369076,1.0,2.0,3.0,1.0,0,2.0,1.0,2.0,1.0,0.0,0.0,0.0,0.0,0.0,0.0,0.0,0.0,1.0,0.0,0.0,0.0,0.0,0.0,0.0,1.0,3.0,0.0
-0.1834306005334745,-1.1402785466569274,-0.9704000483449196,-0.8478613741500867,-0.5409881848874709,1.0,0.0,0.9370887496139998,0.0,1.0,0.0,0.0,0,3.0,0.0,3.0,3.0,0.0,0.0,0.0,0.0,0.0,0.0,0.0,0.0,0.0,0.0,0.0,0.0,0.0,0.0,0.0,3.0,2.0,0.0
-0.1834306005334745,-0.2838069696765783,0.8964289439987222,-0.5917694163445307,-0.4214916952089933,0.0,5.0,-0.1117707738318157,0.0,2.0,1.0,0.0,0,1.0,0.0,2.0,2.0,1.0,1.0,1.0,0.0,0.0,0.0,0.0,0.0,0.0,0.0,0.0,0.0,0.0,1.0,1.0,2.0,2.0,0.0
1.70013796734581,0.0182337313841244,-0.5259169549297669,0.1765064570721369,0.5344802222188277,1.0,4.0,-0.6362005355547234,0.0,2.0,1.0,0.0,0,2.0,0.0,3.0,3.0,3.0,3.0,3.0,0.0,0.0,0.0,0.0,0.0,1.0,0.0,0.0,0.0,0.0,0.0,0.0,2.0,5.0,1.0
0.2874615414363465,-0.443102407907223,-0.5259169549297669,0.1765064570721369,-0.4214916952089933,0.0,4.0,-0.1117707738318157,1.0,0.0,0.0,0.0,0,2.0,0.0,0.0,0.0,2.0,3.0,3.0,0.0,0.0,0.0,0.0,0.0,0.0,0.0,0.0,0.0,0.0,0.0,0.0,3.0,3.0,0.0
0.7583536834061677,0.7381663613096352,0.0074627571684165,-0.5917694163445307,-0.4214916952089933,0.0,4.0,0.412658987891092,0.0,2.0,2.0,2.0,0,2.0,2.0,2.0,3.0,3.0,2.0,2.0,0.0,0.0,0.0,0.0,0.0,1.0,0.0,1.0,0.0,0.0,0.0,0.0,0.0,3.0,1.0
0.7583536834061677,-1.1402785466569274,-0.9704000483449196,-0.8478613741500867,-0.5409881848874709,0.0,0.0,0.412658987891092,0.0,3.0,3.0,2.0,0,1.0,2.0,2.0,1.0,0.0,0.0,0.0,0.0,0.0,0.0,0.0,0.0,0.0,0.0,0.0,0.0,0.0,0.0,0.0,0.0,0.0,1.0
-0.6543227425032957,-0.7099739862416796,1.4298086560969054,-0.5917694163445307,2.0879345880390368,0.0,5.0,-0.1117707738318157,1.0,3.0,3.0,2.0,0,3.0,3.0,3.0,3.0,3.0,1.0,2.0,0.0,0.0,0.0,0.0,0.0,1.0,0.0,0.0,0.0,1.0,2.0,1.0,4.0,2.0,1.0
-0.1834306005334745,-0.4989592498842022,0.4519458505835693,-0.0795855007334189,1.0124661809327382,0.0,4.0,0.9370887496139998,0.0,2.0,2.0,3.0,0,2.0,3.0,3.0,3.0,2.0,2.0,2.0,1.0,0.0,0.0,0.0,0.0,0.0,0.0,0.0,0.0,0.0,0.0,0.0,5.0,2.0,0.0
0.7583536834061677,0.2809677658684344,-0.5259169549297669,0.4325984148776928,-0.4214916952089933,2.0,4.0,-0.1117707738318157,0.0,3.0,3.0,0.0,0,1.0,0.0,3.0,3.0,2.0,3.0,3.0,0.0,0.0,0.0,0.0,0.0,0.0,0.0,1.0,0.0,0.0,0.0,0.0,0.0,5.0,1.0
0.2874615414363465,-0.6892862669909465,-0.3481237175637057,-0.3356774585389748,-0.4214916952089933,0.0,4.0,-1.685060059000539,1.0,0.0,0.0,3.0,0,1.0,2.0,0.0,1.0,1.0,0.0,0.0,0.0,0.0,0.0,0.0,0.0,1.0,0.0,0.0,0.0,0.0,0.0,0.0,3.0,5.0,0.0
-0.6543227425032957,0.8022982909869077,-0.2592270988806752,-0.8478613741500867,-0.4214916952089933,0.0,4.0,-0.6362005355547234,0.0,0.0,0.0,0.0,0,2.0,0.0,3.0,3.0,0.0,0.0,0.0,0.0,0.0,0.0,0.0,0.0,0.0,0.0,0.0,0.0,0.0,0.0,0.0,0.0,3.0,1.0
-0.1834306005334745,-0.860994336772031,-0.2592270988806752,0.9447823304888048,-0.5409881848874709,1.0,4.0,1.4615185113369076,0.0,2.0,2.0,2.0,0,0.0,3.0,1.0,1.0,2.0,2.0,2.0,0.0,1.0,0.0,0.0,0.0,0.0,0.0,0.0,0.0,0.0,0.0,0.0,1.0,4.0,0.0
-0.1834306005334745,-0.7575557405183656,-0.5259169549297669,-0.3356774585389748,-0.4214916952089933,0.0,4.0,0.9370887496139998,1.0,3.0,3.0,0.0,0,0.0,0.0,1.0,2.0,2.0,2.0,2.0,0.0,0.0,0.0,0.0,0.0,0.0,0.0,0.0,0.0,0.0,0.0,0.0,2.0,5.0,0.0
1.2292458253759888,-0.0148666194170484,0.8964289439987222,-0.5917694163445307,-0.4214916952089933,0.0,4.0,1.4615185113369076,0.0,3.0,2.0,1.0,0,1.0,1.0,2.0,1.0,0.0,0.0,0.0,0.0,0.0,0.0,0.0,0.0,0.0,0.0,0.0,0.0,0.0,0.0,0.0,4.0,1.0,0.0
-0.6543227425032957,0.676103203557436,-0.703710192295828,-0.0795855007334189,2.0879345880390368,1.0,4.0,-1.685060059000539,0.0,0.0,0.0,3.0,0,3.0,3.0,1.0,1.0,2.0,2.0,2.0,0.0,0.0,0.0,0.0,0.0,0.0,0.0,1.0,0.0,0.0,0.0,0.0,1.0,1.0,0.0
-0.1834306005334745,-0.5961915303626477,0.0074627571684165,-0.0795855007334189,-0.4214916952089933,1.0,4.0,0.9370887496139998,0.0,1.0,1.0,3.0,0,2.0,2.0,3.0,3.0,3.0,2.0,3.0,0.0,0.0,0.0,0.0,0.0,0.0,0.0,0.0,0.0,0.0,0.0,0.0,4.0,5.0,1.0
0.7583536834061677,-0.5527473199361083,0.0074627571684165,0.4325984148776928,0.7734732015757829,0.0,4.0,-0.6362005355547234,0.0,1.0,0.0,0.0,0,3.0,0.0,3.0,3.0,1.0,3.0,3.0,0.0,0.0,0.0,0.0,0.0,0.0,0.0,0.0,0.0,0.0,0.0,0.0,1.0,2.0,1.0
-0.1834306005334745,-0.7927248632446119,0.5408424692666,-0.5917694163445307,1.6099486293251264,1.0,4.0,-0.1117707738318157,0.0,2.0,1.0,3.0,0,3.0,3.0,3.0,3.0,3.0,3.0,3.0,0.0,0.0,0.0,0.0,0.0,0.0,0.0,0.0,0.0,1.0,2.0,1.0,4.0,2.0,1.0
-1.125214884473117,-0.6561859161897736,-0.703710192295828,-0.5917694163445307,-0.4214916952089933,1.0,5.0,-0.6362005355547234,0.0,2.0,0.0,0.0,0,1.0,0.0,0.0,0.0,0.0,0.0,0.0,0.0,0.0,0.0,0.0,0.0,0.0,0.0,0.0,0.0,0.0,0.0,0.0,1.0,1.0,0.0
-2.066999168412759,-0.732730477417486,-0.703710192295828,-0.5917694163445307,-0.4214916952089933,1.0,4.0,-1.685060059000539,0.0,0.0,0.0,3.0,0,3.0,3.0,2.0,3.0,3.0,2.0,3.0,0.0,0.0,0.0,0.0,0.0,0.0,0.0,0.0,0.0,0.0,0.0,0.0,3.0,3.0,1.0
-1.125214884473117,1.559468815563738,0.6297390879496305,-0.8478613741500867,-0.4214916952089933,0.0,4.0,0.412658987891092,2.0,3.0,3.0,0.0,0,0.0,0.0,2.0,1.0,0.0,0.0,0.0,0.0,0.0,0.0,0.0,0.0,1.0,0.0,1.0,0.0,1.0,2.0,1.0,0.0,4.0,1.0
1.2292458253759888,-0.8051374947950517,0.7186357066326611,-0.3356774585389748,1.2514591602896934,0.0,4.0,0.9370887496139998,0.0,1.0,1.0,3.0,0,1.0,3.0,3.0,3.0,3.0,3.0,3.0,0.0,0.0,0.0,0.0,0.0,1.0,0.0,0.0,0.0,0.0,0.0,0.0,1.0,2.0,1.0
-0.1834306005334745,-0.3789704782299505,-0.5259169549297669,0.1765064570721369,-0.4214916952089933,0.0,4.0,-0.1117707738318157,0.0,3.0,3.0,0.0,0,2.0,0.0,1.0,2.0,2.0,2.0,2.0,0.0,0.0,0.0,0.0,0.0,0.0,0.0,0.0,0.0,0.0,0.0,0.0,2.0,2.0,1.0
2.171030109315631,-0.4948217060340557,-0.6148135736127974,-0.3356774585389748,-0.4214916952089933,0.0,4.0,-0.1117707738318157,0.0,1.0,0.0,2.0,0,2.0,1.0,1.0,0.0,1.0,2.0,2.0,0.0,0.0,0.0,0.0,0.0,0.0,0.0,0.0,0.0,0.0,0.0,0.0,3.0,1.0,1.0
0.2874615414363465,0.858155132963887,-0.4370203362467363,-0.8478613741500867,-0.4214916952089933,0.0,4.0,0.412658987891092,0.0,3.0,3.0,0.0,0,1.0,0.0,1.0,1.0,0.0,0.0,0.0,0.0,0.0,0.0,0.0,0.0,1.0,0.0,0.0,0.0,0.0,0.0,0.0,0.0,3.0,0.0
1.70013796734581,-0.8816820560227641,-0.4370203362467363,0.1765064570721369,-0.5409881848874709,0.0,4.0,0.412658987891092,1.0,0.0,0.0,2.0,0,1.0,1.0,1.0,2.0,2.0,2.0,2.0,0.0,1.0,0.0,0.0,0.0,0.0,0.0,0.0,0.0,0.0,0.0,0.0,0.0,3.0,0.0
0.7583536834061677,-0.4493087236824429,-0.3481237175637057,-0.0795855007334189,-0.5409881848874709,21.0,4.0,-0.1117707738318157,2.0,1.0,2.0,2.0,0,0.0,2.0,1.0,1.0,3.0,3.0,3.0,0.0,0.0,0.0,0.0,0.0,1.0,0.0,0.0,0.0,0.0,0.0,0.0,3.0,2.0,0.0
0.2874615414363465,0.1878730292401355,-0.703710192295828,-0.5917694163445307,-0.4214916952089933,10.0,4.0,0.9370887496139998,0.0,1.0,0.0,0.0,0,3.0,0.0,3.0,3.0,1.0,1.0,1.0,0.0,0.0,0.0,0.0,0.0,1.0,0.0,1.0,0.0,0.0,0.0,0.0,3.0,2.0,0.0
-0.6543227425032957,-0.6375669688641138,0.6297390879496305,-0.3356774585389748,-0.5409881848874709,0.0,4.0,-0.1117707738318157,1.0,2.0,2.0,0.0,0,2.0,0.0,3.0,3.0,3.0,2.0,2.0,0.0,0.0,0.0,0.0,0.0,1.0,0.0,1.0,0.0,0.0,0.0,0.0,2.0,2.0,1.0
-0.1834306005334745,-0.3231136362529712,-0.703710192295828,-0.8478613741500867,-0.4214916952089933,0.0,4.0,-0.1117707738318157,2.0,3.0,3.0,0.0,0,0.0,0.0,2.0,0.0,0.0,0.0,0.0,1.0,0.0,0.0,0.0,0.0,1.0,0.0,0.0,0.0,0.0,0.0,0.0,6.0,4.0,1.0
-0.1834306005334745,-0.2920820573768716,-0.081433861514614,0.4325984148776928,-0.4214916952089933,1.0,5.0,-0.1117707738318157,1.0,3.0,3.0,0.0,0,0.0,0.0,2.0,2.0,3.0,2.0,3.0,0.0,0.0,0.0,0.0,0.0,0.0,0.0,0.0,0.0,0.0,0.0,0.0,1.0,4.0,1.0
0.2874615414363465,0.959524957292479,1.2520154187308443,0.4325984148776928,0.5344802222188277,22.0,4.0,-0.1117707738318157,0.0,3.0,3.0,1.0,0,1.0,2.0,2.0,2.0,1.0,3.0,3.0,0.0,0.0,0.0,0.0,0.0,1.0,0.0,0.0,0.0,0.0,0.0,0.0,3.0,5.0,0.0
-1.125214884473117,-0.0583108298435879,-0.4370203362467363,-0.3356774585389748,-0.4214916952089933,0.0,4.0,1.4615185113369076,0.0,2.0,1.0,0.0,0,1.0,0.0,1.0,1.0,3.0,3.0,3.0,1.0,0.0,0.0,0.0,0.0,0.0,0.0,0.0,0.0,0.0,0.0,0.0,6.0,4.0,1.0
-0.6543227425032957,-1.1402785466569274,-0.9704000483449196,-0.8478613741500867,-0.5409881848874709,1.0,0.0,0.9370887496139998,0.0,3.0,2.0,3.0,0,3.0,2.0,3.0,3.0,0.0,0.0,0.0,0.0,0.0,0.0,0.0,0.0,0.0,0.0,0.0,0.0,0.0,0.0,0.0,2.0,2.0,0.0
0.7583536834061677,-0.3789704782299505,0.096359375851447,-0.5917694163445307,-0.5409881848874709,0.0,4.0,-1.1606302972776312,1.0,3.0,3.0,0.0,0,1.0,0.0,0.0,0.0,2.0,1.0,2.0,0.0,0.0,0.0,0.0,0.0,0.0,0.0,1.0,0.0,0.0,0.0,0.0,4.0,5.0,1.0
-0.6543227425032957,0.2085607484908686,-0.7926068109788585,-0.3356774585389748,-0.4214916952089933,0.0,4.0,-0.1117707738318157,0.0,2.0,2.0,0.0,0,1.0,0.0,3.0,3.0,2.0,1.0,2.0,0.0,0.0,0.0,0.0,0.0,1.0,0.0,1.0,0.0,0.0,0.0,0.0,4.0,5.0,0.0
0.7583536834061677,0.1795979415398423,-0.4370203362467363,0.6886903726832487,0.6539767118973053,0.0,4.0,1.4615185113369076,1.0,2.0,1.0,2.0,0,0.0,2.0,1.0,2.0,1.0,3.0,3.0,0.0,0.0,0.0,0.0,0.0,1.0,0.0,0.0,0.0,0.0,0.0,0.0,3.0,5.0,1.0
0.7583536834061677,0.980212676543212,4.363397072636914,-0.3356774585389748,-0.4214916952089933,0.0,4.0,1.4615185113369076,0.0,3.0,2.0,0.0,0,1.0,0.0,1.0,0.0,2.0,2.0,1.0,0.0,0.0,0.0,0.0,0.0,0.0,0.0,0.0,0.0,0.0,0.0,0.0,3.0,1.0,0.0
1.70013796734581,-0.4244834605815632,-0.8815034296618891,-0.5917694163445307,-0.4214916952089933,0.0,4.0,-1.1606302972776312,0.0,1.0,0.0,3.0,0,2.0,3.0,1.0,2.0,1.0,0.0,0.0,0.0,0.0,0.0,0.0,0.0,0.0,0.0,1.0,0.0,0.0,0.0,0.0,1.0,2.0,0.0
0.7583536834061677,0.2561425027675547,0.096359375851447,-0.8478613741500867,-0.4214916952089933,0.0,5.0,1.4615185113369076,1.0,1.0,1.0,2.0,0,1.0,1.0,0.0,1.0,0.0,0.0,0.0,0.0,0.0,0.0,0.0,0.0,1.0,0.0,0.0,0.0,0.0,0.0,0.0,1.0,1.0,0.0
-0.6543227425032957,-0.4141396009561967,-0.3481237175637057,-0.8478613741500867,-0.4214916952089933,0.0,5.0,1.4615185113369076,0.0,3.0,3.0,3.0,0,2.0,3.0,3.0,3.0,0.0,0.0,0.0,0.0,0.0,0.0,0.0,0.0,0.0,0.0,1.0,0.0,0.0,0.0,0.0,1.0,4.0,1.0
-1.125214884473117,0.0389214506348574,0.2741526132175082,0.6886903726832487,-0.3019952055305157,0.0,4.0,-0.6362005355547234,0.0,1.0,0.0,3.0,0,2.0,2.0,2.0,2.0,0.0,3.0,3.0,0.0,0.0,0.0,0.0,0.0,0.0,0.0,0.0,0.0,0.0,0.0,0.0,1.0,1.0,0.0
-0.6543227425032957,1.600844254065204,0.096359375851447,2.225242119516584,-0.4214916952089933,0.0,4.0,-0.6362005355547234,0.0,1.0,1.0,0.0,0,2.0,0.0,1.0,1.0,2.0,3.0,2.0,0.0,0.0,0.0,0.0,0.0,1.0,0.0,1.0,0.0,0.0,0.0,0.0,0.0,4.0,1.0
0.2874615414363465,-0.6003290742127944,-0.3481237175637057,0.4325984148776928,-0.4214916952089933,0.0,4.0,-0.1117707738318157,1.0,1.0,0.0,2.0,0,2.0,2.0,0.0,1.0,1.0,2.0,2.0,0.0,0.0,0.0,0.0,0.0,0.0,0.0,1.0,0.0,1.0,0.0,0.0,4.0,1.0,1.0
-0.1834306005334745,-0.4782715306334692,-0.703710192295828,-0.5917694163445307,-0.4214916952089933,0.0,5.0,-0.6362005355547234,0.0,2.0,1.0,0.0,0,1.0,0.0,0.0,0.0,1.0,0.0,1.0,1.0,0.0,0.0,0.0,0.0,0.0,0.0,0.0,0.0,0.0,0.0,0.0,6.0,1.0,0.0
-1.125214884473117,0.3223432043699005,0.8075323253156916,0.6886903726832487,0.8929696912542606,0.0,4.0,0.412658987891092,2.0,1.0,3.0,3.0,0,0.0,3.0,2.0,3.0,3.0,3.0,3.0,0.0,0.0,0.0,0.0,0.0,1.0,0.0,0.0,0.0,1.0,1.0,1.0,3.0,0.0,1.0
-0.1834306005334745,-0.8009999509449051,-0.5259169549297669,-0.3356774585389748,-0.4214916952089933,0.0,4.0,1.4615185113369076,0.0,3.0,3.0,0.0,0,1.0,0.0,2.0,2.0,2.0,2.0,2.0,0.0,1.0,0.0,0.0,0.0,1.0,0.0,0.0,0.0,0.0,0.0,0.0,1.0,1.0,0.0
-0.6543227425032957,0.9243558345662328,-0.7926068109788585,-0.5917694163445307,-0.4214916952089933,0.0,4.0,-1.685060059000539,2.0,0.0,2.0,3.0,0,1.0,3.0,2.0,3.0,0.0,0.0,0.0,0.0,0.0,0.0,0.0,0.0,1.0,0.0,1.0,0.0,0.0,0.0,0.0,0.0,5.0,1.0
0.2874615414363465,-0.4865466183337624,-0.1703304801976446,0.6886903726832487,-0.5409881848874709,1.0,4.0,1.4615185113369076,1.0,2.0,1.0,0.0,0,3.0,0.0,3.0,2.0,1.0,3.0,2.0,1.0,0.0,0.0,0.0,0.0,0.0,0.0,0.0,0.0,1.0,0.0,0.0,6.0,1.0,1.0
1.70013796734581,-0.2838069696765783,-0.6148135736127974,-0.3356774585389748,-0.4214916952089933,0.0,4.0,-0.1117707738318157,0.0,0.0,0.0,0.0,0,0.0,0.0,1.0,0.0,1.0,0.0,0.0,0.0,0.0,0.0,0.0,0.0,0.0,0.0,0.0,0.0,0.0,0.0,0.0,2.0,5.0,0.0
0.2874615414363465,-0.6541171442647002,-0.081433861514614,0.1765064570721369,-0.4214916952089933,0.0,4.0,-1.1606302972776312,2.0,2.0,3.0,2.0,0,0.0,2.0,1.0,1.0,3.0,3.0,3.0,0.0,0.0,0.0,0.0,0.0,0.0,0.0,0.0,0.0,0.0,0.0,0.0,3.0,0.0,1.0
-0.6543227425032957,0.5995586423297237,-0.4370203362467363,0.1765064570721369,-0.3019952055305157,0.0,4.0,0.412658987891092,0.0,1.0,1.0,3.0,0,2.0,3.0,2.0,3.0,3.0,1.0,2.0,0.0,0.0,0.0,0.0,0.0,1.0,0.0,0.0,0.0,0.0,0.0,0.0,0.0,2.0,0.0
1.70013796734581,-0.8092750386451983,-0.9704000483449196,-0.8478613741500867,-0.5409881848874709,1.0,3.0,-1.685060059000539,1.0,0.0,0.0,0.0,0,2.0,0.0,0.0,0.0,0.0,0.0,0.0,0.0,1.0,0.0,0.0,0.0,0.0,0.0,0.0,0.0,0.0,0.0,0.0,4.0,5.0,1.0
1.2292458253759888,-0.2631192504258453,1.8742917495120583,0.6886903726832487,-0.4214916952089933,0.0,4.0,-1.1606302972776312,1.0,1.0,1.0,3.0,0,1.0,2.0,1.0,2.0,2.0,1.0,1.0,0.0,0.0,0.0,0.0,0.0,0.0,0.0,0.0,0.0,0.0,0.0,0.0,3.0,5.0,0.0
0.7583536834061677,-0.5258532849101553,-0.3481237175637057,-0.3356774585389748,-0.4214916952089933,3.0,4.0,0.412658987891092,1.0,3.0,3.0,0.0,0,0.0,0.0,2.0,1.0,2.0,2.0,2.0,0.0,0.0,0.0,0.0,0.0,0.0,0.0,0.0,0.0,0.0,0.0,0.0,2.0,5.0,0.0
-1.125214884473117,-0.7616932843685122,-0.8815034296618891,-0.8478613741500867,-0.5409881848874709,1.0,5.0,-1.685060059000539,0.0,1.0,1.0,3.0,0,3.0,3.0,2.0,3.0,0.0,0.0,0.0,0.0,0.0,0.0,0.0,0.0,1.0,0.0,0.0,0.0,0.0,0.0,0.0,2.0,3.0,0.0
-0.1834306005334745,-1.1402785466569274,-0.9704000483449196,-0.8478613741500867,-0.5409881848874709,0.0,0.0,1.4615185113369076,2.0,3.0,3.0,0.0,0,0.0,0.0,3.0,2.0,0.0,0.0,0.0,0.0,0.0,0.0,0.0,0.0,0.0,0.0,0.0,0.0,0.0,0.0,0.0,2.0,2.0,1.0
0.7583536834061677,2.5586856553741453,0.3630492319005388,2.993517992933252,1.1319626706112158,0.0,4.0,1.4615185113369076,1.0,1.0,2.0,2.0,0,0.0,2.0,0.0,1.0,1.0,2.0,1.0,0.0,0.0,0.0,0.0,0.0,1.0,0.0,0.0,0.0,0.0,1.0,1.0,4.0,4.0,1.0
-1.125214884473117,0.9160807468659397,0.4519458505835693,2.993517992933252,0.1759907531833948,2.0,4.0,0.412658987891092,1.0,0.0,2.0,0.0,0,0.0,0.0,1.0,0.0,1.0,2.0,2.0,0.0,0.0,0.0,0.0,0.0,0.0,0.0,0.0,0.0,0.0,0.0,0.0,1.0,4.0,1.0
1.70013796734581,-0.2713943381261385,-0.7926068109788585,-0.3356774585389748,-0.4214916952089933,1.0,4.0,0.412658987891092,0.0,3.0,3.0,2.0,0,3.0,2.0,3.0,3.0,3.0,2.0,3.0,0.0,0.0,0.0,0.0,0.0,0.0,0.0,0.0,0.0,0.0,0.0,0.0,4.0,4.0,1.0
-1.125214884473117,-0.0045227597916819,0.4519458505835693,-0.0795855007334189,-0.4214916952089933,0.0,4.0,1.4615185113369076,1.0,0.0,1.0,1.0,0,2.0,1.0,1.0,0.0,0.0,0.0,0.0,0.0,0.0,0.0,0.0,0.0,1.0,0.0,0.0,0.0,0.0,0.0,0.0,1.0,3.0,0.0
0.2874615414363465,-0.0376231105928548,0.2741526132175082,0.1765064570721369,-0.4214916952089933,0.0,4.0,0.9370887496139998,2.0,3.0,3.0,0.0,0,0.0,0.0,0.0,0.0,2.0,1.0,1.0,0.0,0.0,0.0,0.0,0.0,0.0,0.0,0.0,0.0,0.0,0.0,0.0,1.0,5.0,0.0
2.171030109315631,-0.5837788988122079,-0.4370203362467363,0.1765064570721369,-0.4214916952089933,3.0,4.0,-1.685060059000539,0.0,0.0,0.0,3.0,0,3.0,3.0,1.0,2.0,0.0,0.0,0.0,0.0,0.0,0.0,0.0,0.0,0.0,0.0,0.0,0.0,0.0,0.0,0.0,1.0,5.0,0.0
0.7583536834061677,-0.7120427581667529,-0.6148135736127974,-0.5917694163445307,-0.5409881848874709,2.0,4.0,-0.6362005355547234,0.0,2.0,2.0,0.0,0,3.0,0.0,2.0,2.0,2.0,1.0,1.0,0.0,0.0,0.0,0.0,0.0,1.0,0.0,0.0,0.0,0.0,0.0,0.0,2.0,2.0,1.0
-1.125214884473117,0.0782281172112503,0.096359375851447,-0.8478613741500867,-0.4214916952089933,1.0,4.0,-0.6362005355547234,0.0,3.0,3.0,3.0,0,2.0,3.0,2.0,3.0,0.0,0.0,0.0,0.0,0.0,0.0,0.0,0.0,1.0,0.0,0.0,0.0,0.0,0.0,0.0,4.0,3.0,1.0
-0.1834306005334745,-0.625154337313674,0.6297390879496305,-0.0795855007334189,0.7734732015757829,0.0,4.0,-1.1606302972776312,1.0,0.0,0.0,3.0,0,3.0,3.0,2.0,3.0,3.0,3.0,3.0,0.0,0.0,0.0,0.0,0.0,0.0,0.0,0.0,0.0,0.0,0.0,0.0,4.0,2.0,1.0
0.7583536834061677,-0.4058645132559034,0.1852559945344776,-0.3356774585389748,-0.4214916952089933,0.0,4.0,0.9370887496139998,1.0,2.0,1.0,0.0,0,2.0,0.0,1.0,1.0,0.0,0.0,0.0,0.0,0.0,0.0,0.0,0.0,0.0,0.0,0.0,0.0,0.0,0.0,0.0,0.0,3.0,1.0
-1.125214884473117,-0.4741339867833226,-0.4370203362467363,0.4325984148776928,-0.5409881848874709,2.0,4.0,-1.1606302972776312,1.0,2.0,2.0,3.0,0,1.0,3.0,1.0,2.0,3.0,3.0,3.0,0.0,0.0,0.0,0.0,0.0,1.0,0.0,0.0,0.0,1.0,0.0,0.0,0.0,0.0,1.0
-1.125214884473117,0.3637186428713667,0.0074627571684165,0.9447823304888048,-0.4214916952089933,1.0,4.0,0.412658987891092,2.0,1.0,2.0,0.0,0,0.0,0.0,0.0,0.0,2.0,2.0,2.0,0.0,0.0,0.0,0.0,0.0,0.0,0.0,0.0,0.0,0.0,0.0,0.0,0.0,4.0,1.0
-1.5961070264429378,-0.7947936351696852,-0.1703304801976446,-0.3356774585389748,0.0564942635049172,0.0,4.0,-0.1117707738318157,0.0,1.0,1.0,3.0,0,3.0,3.0,3.0,3.0,2.0,1.0,1.0,0.0,0.0,0.0,0.0,0.0,1.0,0.0,0.0,0.0,0.0,0.0,0.0,0.0,2.0,0.0
-1.125214884473117,-0.3127697766276047,0.7186357066326611,-0.8478613741500867,-0.5409881848874709,1.0,4.0,0.412658987891092,0.0,0.0,0.0,0.0,0,0.0,0.0,0.0,0.0,0.0,0.0,0.0,0.0,0.0,0.0,0.0,0.0,0.0,0.0,0.0,0.0,0.0,0.0,0.0,3.0,1.0,0.0
1.70013796734581,0.8891867118399865,-0.4370203362467363,0.1765064570721369,-0.5409881848874709,26.0,4.0,-1.1606302972776312,1.0,0.0,2.0,3.0,0,2.0,2.0,2.0,2.0,1.0,3.0,3.0,0.0,0.0,0.0,0.0,0.0,1.0,0.0,1.0,0.0,0.0,0.0,0.0,1.0,5.0,1.0
0.2874615414363465,1.453961447384999,0.2741526132175082,2.737426035127696,1.8489416086820816,0.0,4.0,-0.1117707738318157,0.0,3.0,2.0,2.0,0,2.0,2.0,1.0,1.0,0.0,3.0,2.0,0.0,0.0,0.0,0.0,0.0,0.0,0.0,0.0,0.0,0.0,0.0,0.0,4.0,4.0,1.0
0.2874615414363465,0.9160807468659397,-0.4370203362467363,-0.3356774585389748,-0.0630022261735604,0.0,4.0,1.4615185113369076,0.0,1.0,1.0,0.0,0,3.0,0.0,1.0,1.0,2.0,1.0,1.0,0.0,0.0,0.0,0.0,0.0,0.0,0.0,0.0,0.0,0.0,0.0,0.0,3.0,4.0,1.0
-0.6543227425032957,-0.3831080220800971,-0.4370203362467363,0.1765064570721369,-0.4214916952089933,0.0,5.0,-1.1606302972776312,1.0,0.0,0.0,0.0,0,0.0,0.0,1.0,0.0,3.0,2.0,3.0,0.0,0.0,0.0,0.0,0.0,0.0,0.0,0.0,0.0,1.0,0.0,0.0,4.0,2.0,1.0
-0.1834306005334745,0.8105733786872009,0.0074627571684165,0.1765064570721369,-0.4214916952089933,0.0,4.0,0.9370887496139998,0.0,3.0,3.0,2.0,0,0.0,2.0,3.0,3.0,2.0,3.0,3.0,0.0,0.0,0.0,0.0,0.0,0.0,0.0,0.0,0.0,0.0,0.0,0.0,1.0,1.0,0.0
-0.1834306005334745,-0.5879164426623544,-0.6148135736127974,-0.0795855007334189,-0.4214916952089933,0.0,4.0,-0.1117707738318157,0.0,1.0,1.0,0.0,0,0.0,0.0,1.0,1.0,3.0,3.0,3.0,0.0,0.0,0.0,0.0,0.0,1.0,0.0,0.0,0.0,0.0,0.0,0.0,2.0,4.0,1.0
-0.1834306005334745,-0.3148385485526779,-0.3481237175637057,-0.3356774585389748,-0.3019952055305157,1.0,4.0,1.4615185113369076,0.0,0.0,0.0,3.0,0,1.0,3.0,2.0,3.0,2.0,1.0,1.0,1.0,0.0,0.0,0.0,0.0,0.0,0.0,0.0,0.0,0.0,0.0,0.0,6.0,2.0,1.0
-0.1834306005334745,2.099418288007871,-0.703710192295828,-0.0795855007334189,1.8489416086820816,0.0,5.0,-0.1117707738318157,0.0,2.0,1.0,0.0,0,2.0,0.0,1.0,0.0,2.0,2.0,2.0,0.0,0.0,0.0,0.0,0.0,0.0,0.0,0.0,0.0,0.0,0.0,0.0,2.0,4.0,1.0
-1.5961070264429378,-0.6106729338381608,-0.5259169549297669,0.1765064570721369,-0.5409881848874709,1.0,4.0,0.9370887496139998,1.0,0.0,0.0,3.0,0,1.0,2.0,0.0,1.0,0.0,0.0,0.0,0.0,0.0,0.0,0.0,0.0,0.0,0.0,0.0,0.0,0.0,0.0,0.0,3.0,1.0,1.0
-0.6543227425032957,-0.4865466183337624,-0.1703304801976446,-0.8478613741500867,-0.4214916952089933,0.0,4.0,0.412658987891092,1.0,0.0,0.0,0.0,0,1.0,0.0,2.0,0.0,0.0,0.0,0.0,0.0,0.0,0.0,0.0,0.0,1.0,0.0,0.0,0.0,0.0,0.0,0.0,4.0,2.0,0.0
0.2874615414363465,-0.6996301266163131,-0.4370203362467363,0.1765064570721369,-0.4214916952089933,1.0,4.0,0.412658987891092,0.0,2.0,1.0,0.0,0,2.0,0.0,2.0,1.0,1.0,2.0,1.0,0.0,0.0,0.0,0.0,0.0,0.0,0.0,0.0,0.0,0.0,0.0,0.0,1.0,4.0,1.0
1.2292458253759888,-0.7368680212676325,0.6297390879496305,-0.0795855007334189,-0.5409881848874709,0.0,5.0,0.412658987891092,1.0,1.0,2.0,0.0,0,0.0,0.0,2.0,1.0,2.0,1.0,2.0,0.0,0.0,0.0,0.0,0.0,0.0,0.0,0.0,0.0,0.0,0.0,0.0,4.0,2.0,1.0
-0.6543227425032957,0.0203025033091977,0.8964289439987222,-0.8478613741500867,-0.4214916952089933,0.0,4.0,1.4615185113369076,0.0,0.0,0.0,0.0,0,2.0,0.0,2.0,1.0,0.0,0.0,0.0,0.0,0.0,0.0,0.0,0.0,0.0,0.0,0.0,0.0,0.0,0.0,0.0,0.0,1.0,1.0
0.2874615414363465,-0.4410336359821497,-0.703710192295828,-0.3356774585389748,0.6539767118973053,0.0,4.0,0.412658987891092,1.0,2.0,2.0,2.0,0,1.0,2.0,2.0,2.0,3.0,2.0,2.0,0.0,1.0,0.0,0.0,0.0,1.0,0.0,0.0,0.0,0.0,0.0,0.0,0.0,4.0,0.0
0.2874615414363465,0.3078618008943873,1.6076018934629668,0.1765064570721369,-0.3019952055305157,0.0,4.0,-0.6362005355547234,0.0,2.0,2.0,2.0,0,3.0,3.0,1.0,2.0,1.0,2.0,2.0,0.0,0.0,0.0,0.0,0.0,0.0,0.0,1.0,0.0,0.0,0.0,0.0,1.0,4.0,1.0
-0.6543227425032957,-0.5217157410600086,-0.3481237175637057,0.4325984148776928,-0.3019952055305157,0.0,4.0,-1.1606302972776312,0.0,2.0,2.0,3.0,0,2.0,3.0,1.0,2.0,1.0,2.0,2.0,0.0,0.0,0.0,0.0,0.0,0.0,0.0,0.0,0.0,0.0,0.0,0.0,0.0,4.0,1.0
1.70013796734581,-0.1700245137975465,1.785395130829028,-0.5917694163445307,-0.4214916952089933,0.0,5.0,-1.1606302972776312,0.0,0.0,0.0,3.0,0,2.0,3.0,2.0,3.0,3.0,3.0,3.0,0.0,0.0,0.0,0.0,0.0,0.0,0.0,0.0,0.0,0.0,0.0,0.0,2.0,5.0,1.0
